name,label,ra,dec,gal_b,fov_deg,diam_arcmin,source
1,emission,239.713380,-26.120461,20.225600,1.500000,150.000000,VII/20
1,emission,107.584200,-12.032700,-1.338700,1.500000,150.000000,VII/216
10,emission,259.750041,-34.090297,1.931500,1.500000,60.000000,VII/20
10,emission,112.802300,-19.006600,-0.184000,0.600000,18.000000,VII/216
100,emission,300.463348,33.511539,1.566100,0.133333,4.000000,VII/20
101,emission,299.989827,35.290976,2.835400,0.666667,20.000000,VII/20
101,emission,244.109600,-52.023700,-0.954300,0.066667,2.000000,VII/216
102,emission,307.946251,30.605077,-5.315000,1.333333,40.000000,VII/20
102,emission,244.459400,-51.922100,-1.031300,0.400000,12.000000,VII/216
1027,emission,106.091600,-10.409100,-1.892900,0.666667,20.000000,VII/9
103,emission,312.635418,30.923363,-8.327200,1.500000,210.000000,VII/20
103,emission,285.380800,2.155700,-1.259000,0.066667,2.000000,VII/9
103,emission,244.274900,-51.122900,-0.378000,0.166667,5.000000,VII/216
1032,emission,109.096700,-9.506400,1.149200,0.266667,8.000000,VII/9
1033,emission,106.588500,-11.078100,-1.765700,1.500000,150.000000,VII/9
1036,emission,109.091600,-10.589700,0.640000,1.500000,60.000000,VII/9
1037,emission,106.333600,-12.076900,-2.445300,1.500000,150.000000,VII/9
104,emission,304.438226,36.744394,0.601900,0.233333,7.000000,VII/20
104,emission,246.008800,-51.515300,-1.419600,0.666667,20.000000,VII/216
1040,emission,109.579700,-13.091900,-0.105800,0.666667,20.000000,VII/9
1041,emission,109.579600,-13.125300,-0.121500,0.333333,10.000000,VII/9
1044,emission,107.552100,-18.466000,-4.322400,0.333333,10.000000,VII/9
1046,emission,113.062400,-17.007800,0.995700,0.666667,20.000000,VII/9
1047,emission,103.777400,-22.731700,-9.383900,1.500000,60.000000,VII/9
1048,emission,112.554200,-18.588800,-0.189200,0.100000,3.000000,VII/9
105,emission,303.011731,38.349579,2.433500,0.600000,18.000000,VII/20
105,emission,242.499300,-49.130600,1.851500,1.500000,45.000000,VII/216
1051,emission,113.804100,-18.777800,0.756300,0.133333,4.000000,VII/9
1053,emission,113.050100,-19.474400,-0.204400,0.333333,10.000000,VII/9
1054,emission,109.785200,-21.926300,-4.055100,1.500000,60.000000,VII/9
1057,emission,112.286100,-22.104300,-2.093600,1.100000,33.000000,VII/9
106,emission,306.865441,37.396991,-0.613900,0.100000,3.000000,VII/20
106,emission,245.200100,-50.918900,-0.639800,1.166667,35.000000,VII/216
1060,emission,111.772300,-24.602100,-3.696000,1.500000,180.000000,VII/9
1061,emission,113.277100,-23.942200,-2.175600,0.666667,20.000000,VII/9
1065,emission,118.018300,-26.463000,0.294900,0.266667,8.000000,VII/9
1066,emission,118.018300,-26.463000,0.294900,0.333333,10.000000,VII/9
1067,emission,118.268600,-26.464100,0.486800,1.500000,50.000000,VII/9
107,emission,310.695230,36.342740,-3.698900,0.166667,5.000000,VII/20
107,emission,248.378300,-48.154700,-0.203600,0.266667,8.000000,VII/216
1071,emission,130.053100,-22.344800,11.702400,1.500000,80.000000,VII/9
1073,emission,130.042700,-24.678100,10.315200,1.500000,50.000000,VII/9
1074,emission,131.046400,-24.181800,11.344700,1.500000,70.000000,VII/9
1075,emission,131.798200,-24.017900,11.991200,1.500000,60.000000,VII/9
1076,emission,132.545600,-24.853900,12.022100,1.500000,70.000000,VII/9
1078,emission,135.043800,-26.196000,12.948000,1.500000,210.000000,VII/9
108,emission,305.647985,40.254230,1.808700,1.500000,180.000000,VII/20
108,emission,249.687200,-48.765500,-1.256600,1.500000,210.000000,VII/216
1083,emission,138.040700,-28.206100,13.672400,1.500000,300.000000,VII/9
1085,emission,141.297800,-28.049700,15.894800,0.666667,20.000000,VII/9
109,emission,308.410403,40.342399,0.149300,1.500000,1080.000000,VII/20
109,emission,251.660800,-45.739700,-0.275600,0.066667,2.000000,VII/216
1099,emission,240.243300,-23.139700,22.019800,1.500000,130.000000,VII/9
11,emission,261.628950,-34.205675,0.584300,1.500000,90.000000,VII/20
11,emission,103.522100,-23.647200,-9.989600,1.500000,60.000000,VII/216
110,emission,320.203703,32.457771,-12.170300,1.500000,50.000000,VII/20
110,emission,253.407300,-45.081600,-0.796200,0.233333,7.000000,VII/216
1100,emission,247.278200,-28.275900,13.889300,1.000000,30.000000,VII/9
1101,emission,245.011100,-25.619300,17.171000,0.566667,17.000000,VII/9
1102,emission,247.524600,-27.608200,14.170400,1.500000,80.000000,VII/9
1105,emission,245.009300,-25.285900,17.397900,0.400000,12.000000,VII/9
1106,emission,245.259500,-25.284800,17.231900,0.666667,20.000000,VII/9
1107,emission,247.268700,-26.609300,15.002800,1.500000,60.000000,VII/9
1108,emission,247.267800,-26.442600,15.113800,1.500000,180.000000,VII/9
111,emission,325.472157,30.105602,-17.010900,1.500000,90.000000,VII/20
111,emission,253.782800,-45.079900,-1.001000,0.166667,5.000000,VII/216
1116,emission,263.314600,-32.201000,0.513000,1.500000,150.000000,VII/9
1117,emission,264.066000,-32.364100,-0.109300,1.500000,80.000000,VII/9
112,emission,308.460005,45.659732,3.287500,0.500000,15.000000,VII/20
112,emission,247.608000,-40.308000,5.551500,0.066667,2.000000,VII/216
1120,emission,267.310100,-31.348400,-1.918100,0.766667,23.000000,VII/9
1122,emission,235.169000,-7.160300,36.597800,1.500000,60.000000,VII/9
1124,emission,266.546900,-29.352000,-0.322300,0.400000,12.000000,VII/9
113,emission,320.200869,38.091247,-8.254000,0.500000,15.000000,VII/20
113,emission,252.129100,-42.087500,1.826600,1.500000,360.000000,VII/216
114,emission,320.295166,38.708523,-7.874700,0.300000,9.000000,VII/20
114,emission,260.415100,-45.048600,-4.740400,1.500000,330.000000,VII/216
115,emission,308.641846,46.877857,3.911400,1.500000,50.000000,VII/20
115,emission,248.236100,-37.205100,7.298400,0.133333,4.000000,VII/216
116,emission,308.080382,47.356933,4.503100,0.066667,2.000000,VII/20
117,emission,314.694146,44.321772,-0.989100,1.500000,240.000000,VII/20
117,emission,257.431400,-41.612700,-0.980200,0.066667,2.000000,VII/216
118,emission,324.254843,40.215625,-8.915700,1.500000,480.000000,VII/20
118,emission,258.367800,-39.858200,-0.516500,0.066667,2.000000,VII/216
119,emission,319.607604,43.937709,-3.843900,1.500000,160.000000,VII/20
119,emission,256.176800,-38.068500,1.918100,1.500000,180.000000,VII/216
12,emission,263.984064,-32.599584,-0.178000,1.500000,120.000000,VII/20
12,emission,247.694100,-11.773900,24.126400,1.500000,65.000000,VII/9
12,emission,113.979100,-18.811900,0.884400,0.200000,6.000000,VII/216
120,emission,315.946453,49.880638,2.041100,0.050000,1.000000,VII/20
120,emission,258.106600,-38.459400,0.469500,0.200000,6.000000,VII/216
121,emission,316.303080,49.649702,1.715400,0.050000,1.000000,VII/20
121,emission,259.739500,-39.301700,-1.054400,0.100000,3.000000,VII/216
122,emission,347.197126,14.924841,-41.124600,1.333333,40.000000,VII/20
122,emission,260.137000,-38.949800,-1.105700,0.066667,2.000000,VII/216
123,emission,325.595085,44.539961,-6.352800,0.433333,13.000000,VII/20
123,emission,260.306200,-38.198900,-0.786300,1.500000,75.000000,VII/216
124,emission,324.590626,50.351197,-1.542000,1.500000,70.000000,VII/20
124,emission,258.446200,-37.057800,1.075300,0.100000,3.000000,VII/216
125,emission,328.388380,47.271616,-5.507400,0.300000,9.000000,VII/20
125,emission,259.598100,-37.202300,0.243700,0.266667,8.000000,VII/216
126,emission,338.364728,38.582119,-16.799700,1.500000,160.000000,VII/20
126,emission,259.216600,-36.354100,0.982900,0.533333,16.000000,VII/216
127,emission,322.174800,54.620657,2.596300,0.066667,2.000000,VII/20
127,emission,260.088500,-35.849900,0.696600,1.500000,50.000000,VII/216
128,emission,323.036941,55.859161,3.161600,0.050000,1.000000,VII/20
128,emission,292.556100,18.255500,0.027600,0.333333,10.000000,VII/9
128,emission,260.942300,-36.295900,-0.124700,0.333333,10.000000,VII/216
129,emission,317.937388,59.961211,7.973000,1.500000,140.000000,VII/20
129,emission,249.279100,-28.100300,12.677100,1.500000,180.000000,VII/216
13,emission,262.618992,-31.562662,1.356700,1.333333,40.000000,VII/20
13,emission,113.075500,-19.407900,-0.151300,0.400000,12.000000,VII/216
130,emission,310.748784,63.228391,12.684800,0.100000,3.000000,VII/20
130,emission,259.376000,-34.153300,2.148500,1.000000,30.000000,VII/216
131,emission,324.751517,57.485764,3.731800,1.500000,170.000000,VII/20
131,emission,297.058600,18.375400,-3.636800,0.500000,15.000000,VII/9
131,emission,261.328500,-34.344000,0.712700,1.500000,170.000000,VII/216
132,emission,334.698785,56.134675,-0.648700,1.500000,90.000000,VII/20
132,emission,263.318300,-32.734400,0.220000,1.500000,110.000000,VII/216
133,emission,322.249999,64.305114,9.556100,1.500000,80.000000,VII/20
133,emission,262.310500,-31.639200,1.533800,1.500000,45.000000,VII/216
134,emission,332.874653,59.410218,2.608100,1.500000,160.000000,VII/20
134,emission,267.334400,-31.248200,-1.884400,1.500000,60.000000,VII/216
135,emission,335.548674,58.738258,1.285500,0.500000,15.000000,VII/20
135,emission,266.402500,-30.219400,-0.666700,0.066667,2.000000,VII/216
136,emission,319.123922,68.253069,13.207700,0.166667,5.000000,VII/20
136,emission,296.526300,24.706500,-0.025500,0.566667,17.000000,VII/9
137,emission,329.280024,64.693531,7.853000,1.500000,90.000000,VII/20
137,emission,296.523800,25.173200,0.210800,0.066667,2.000000,VII/9
137,emission,266.446700,-29.319200,-0.230600,0.600000,18.000000,VII/216
138,emission,338.164862,58.481687,0.354000,0.050000,1.000000,VII/20
138,emission,266.218600,-28.837000,0.191000,0.266667,8.000000,VII/216
139,emission,338.751728,58.217136,-0.029500,0.333333,10.000000,VII/20
139,emission,266.745000,-29.051100,-0.313800,0.066667,2.000000,VII/216
14,emission,262.576991,-30.262984,2.101400,0.066667,2.000000,VII/20
14,emission,268.769600,-24.841200,0.289600,1.500000,60.000000,VII/9
140,emission,334.782818,63.285270,5.299500,1.000000,30.000000,VII/20
140,emission,266.845100,-29.050600,-0.388400,0.400000,12.000000,VII/216
141,emission,337.127087,61.644562,3.333800,0.166667,5.000000,VII/20
141,emission,266.793400,-28.784200,-0.211700,0.200000,6.000000,VII/216
142,emission,341.899008,58.060927,-0.961700,1.000000,30.000000,VII/20
142,emission,267.418900,-28.847800,-0.713900,0.066667,2.000000,VII/216
143,emission,342.562269,57.712927,-1.431800,0.133333,4.000000,VII/20
143,emission,266.394700,-24.919400,2.099600,0.233333,7.000000,VII/216
144,emission,341.217498,59.892161,0.824300,0.133333,4.000000,VII/20
144,emission,297.265800,26.809700,0.460500,0.266667,8.000000,VII/9
144,emission,268.445500,-25.009400,0.458000,1.500000,85.000000,VII/216
145,emission,336.390287,64.308475,5.775300,1.500000,90.000000,VII/20
145,emission,270.010400,-23.251800,0.105100,1.500000,90.000000,VII/216
146,emission,342.359886,59.929025,0.594000,0.066667,2.000000,VII/20
146,emission,271.514700,-23.994500,-1.460200,1.500000,120.000000,VII/216
147,emission,343.873868,58.466697,-1.060300,0.066667,2.000000,VII/20
147,emission,294.246600,29.613200,4.160800,1.500000,120.000000,VII/9
148,emission,344.051013,58.517184,-1.054500,0.066667,2.000000,VII/20
148,emission,291.983100,31.436400,6.742800,1.500000,50.000000,VII/9
148,emission,270.375900,-21.583300,0.639200,0.066667,2.000000,VII/216
149,emission,271.751800,-21.743300,-0.553400,1.500000,120.000000,VII/216
15,emission,267.643305,-31.264088,-2.119300,1.000000,30.000000,VII/20
15,emission,107.516400,-25.082600,-7.345900,1.500000,300.000000,VII/216
150,emission,337.799917,65.113876,6.146900,1.333333,40.000000,VII/20
150,emission,271.271500,-20.795600,0.300100,0.066667,2.000000,VII/216
151,emission,345.764069,57.071614,-2.749100,0.666667,20.000000,VII/20
151,emission,274.119100,-20.398500,-1.843700,1.500000,100.000000,VII/216
152,emission,344.657526,58.785481,-0.945700,0.066667,2.000000,VII/20
152,emission,269.047300,-16.323000,4.344700,0.066667,2.000000,VII/216
153,emission,344.810317,58.735881,-1.023900,0.166667,5.000000,VII/20
153,emission,274.738100,-19.312100,-1.842100,1.500000,60.000000,VII/216
154,emission,342.852736,61.180505,1.603900,1.500000,60.000000,VII/20
154,emission,271.475900,-16.994600,1.989500,1.333333,40.000000,VII/216
155,emission,344.182555,62.617601,2.623500,1.500000,60.000000,VII/20
155,emission,273.054400,-17.670300,0.343900,0.333333,10.000000,VII/216
156,emission,346.294087,60.256258,0.056300,0.066667,2.000000,VII/20
156,emission,299.231800,33.218200,2.288300,0.733333,22.000000,VII/9
156,emission,274.478300,-17.480000,-0.758200,1.500000,50.000000,VII/216
157,emission,349.014964,60.045433,-0.652000,1.500000,90.000000,VII/20
157,emission,274.023600,-16.582200,0.050800,1.500000,60.000000,VII/216
158,emission,348.418062,61.510932,0.819100,0.333333,10.000000,VII/20
158,emission,299.983000,33.204700,1.745300,0.533333,16.000000,VII/9
158,emission,271.586200,-14.194000,3.259700,0.766667,23.000000,VII/216
159,emission,348.929882,61.145276,0.389000,0.233333,7.000000,VII/20
159,emission,300.484200,33.140200,1.354800,1.500000,80.000000,VII/9
159,emission,276.223300,-16.571600,-1.803600,0.500000,15.000000,VII/216
16,emission,266.967539,-29.303851,-0.610900,0.666667,20.000000,VII/20
16,emission,118.319100,-26.380900,0.568300,1.100000,33.000000,VII/216
160,emission,346.448823,64.673343,4.081400,1.500000,80.000000,VII/20
160,emission,275.345200,-15.975800,-0.779800,1.500000,70.000000,VII/216
161,emission,348.872891,61.861837,1.067000,1.500000,55.000000,VII/20
161,emission,300.482200,33.473500,1.532600,0.100000,3.000000,VII/9
161,emission,275.215800,-15.126400,-0.269900,1.500000,80.000000,VII/216
162,emission,350.175647,61.197564,0.226400,1.333333,40.000000,VII/20
162,emission,275.713300,-14.640700,-0.466000,0.733333,22.000000,VII/216
163,emission,353.331770,60.785551,-0.654200,0.333333,10.000000,VII/20
163,emission,277.491800,-15.365400,-2.323700,0.333333,10.000000,VII/216
164,emission,354.606638,59.970297,-1.616400,0.100000,3.000000,VII/20
164,emission,300.979000,34.142300,1.538000,1.100000,33.000000,VII/9
164,emission,276.464100,-14.820400,-1.191800,0.266667,8.000000,VII/216
165,emission,354.954579,61.937305,0.227400,0.333333,10.000000,VII/20
165,emission,274.709400,-13.878900,0.751200,1.500000,90.000000,VII/216
166,emission,355.543575,60.971166,-0.778800,0.333333,10.000000,VII/20
166,emission,301.730300,34.145400,1.014700,1.333333,40.000000,VII/9
166,emission,276.355400,-13.120900,-0.305400,0.500000,15.000000,VII/216
167,emission,353.843729,64.852827,3.164800,0.066667,2.000000,VII/20
167,emission,275.199200,-11.876500,1.275100,1.500000,180.000000,VII/216
168,emission,358.266000,60.472859,-1.587600,0.233333,7.000000,VII/20
169,emission,358.494993,60.372946,-1.710200,0.166667,5.000000,VII/20
169,emission,277.738400,-9.764200,0.054900,0.233333,7.000000,VII/216
17,emission,266.536693,-28.857998,-0.057800,0.833333,25.000000,VII/20
17,emission,116.862300,-27.341300,-1.039200,0.066667,2.000000,VII/216
170,emission,0.426644,64.623321,2.264400,0.666667,20.000000,VII/20
170,emission,277.810200,-9.113800,0.293100,0.233333,7.000000,VII/216
171,emission,1.167793,67.156633,4.696900,1.500000,180.000000,VII/20
171,emission,300.219500,35.472400,2.771300,0.666667,20.000000,VII/9
171,emission,277.831700,-8.413700,0.598100,0.166667,5.000000,VII/216
172,emission,3.887253,61.255782,-1.315800,0.050000,1.000000,VII/20
172,emission,302.480600,34.315100,0.585400,1.433333,43.000000,VII/9
172,emission,279.127100,-7.490800,-0.114900,0.233333,7.000000,VII/216
173,emission,5.466269,61.738055,-0.932900,1.000000,30.000000,VII/20
174,emission,356.705345,80.938745,18.400800,0.333333,10.000000,VII/20
174,emission,300.972800,35.142200,2.075000,1.500000,80.000000,VII/9
174,emission,277.951400,-2.179700,3.367900,0.166667,5.000000,VII/216
175,emission,6.830087,64.703477,1.952300,0.066667,2.000000,VII/20
175,emission,303.485300,33.819200,-0.382500,1.500000,53.000000,VII/9
175,emission,281.708800,-3.745100,-0.684700,0.233333,7.000000,VII/216
176,emission,7.913672,57.285584,-5.483100,0.333333,10.000000,VII/20
176,emission,281.325500,-2.013500,0.446300,0.266667,8.000000,VII/216
177,emission,7.887865,62.468959,-0.314100,1.333333,40.000000,VII/20
177,emission,301.223100,35.176600,1.920200,0.666667,20.000000,VII/9
177,emission,281.092600,-0.348000,1.413700,0.400000,12.000000,VII/216
178,emission,334.735716,87.761489,25.359000,1.500000,420.000000,VII/20
178,emission,285.429800,2.389300,-1.195700,0.066667,2.000000,VII/216
179,emission,10.105840,62.865885,0.021000,0.050000,1.000000,VII/20
179,emission,301.973100,35.396400,1.522200,0.833333,25.000000,VII/9
179,emission,285.930600,2.224900,-1.715900,0.666667,20.000000,VII/216
18,emission,267.191968,-29.251671,-0.751600,0.133333,4.000000,VII/20
180,emission,12.194561,62.928918,0.058700,0.500000,15.000000,VII/20
181,emission,12.319475,65.212032,2.341200,0.500000,15.000000,VII/20
181,emission,303.478300,34.985900,0.267900,0.500000,15.000000,VII/9
181,emission,283.687200,6.064400,2.028000,0.166667,5.000000,VII/216
182,emission,12.569475,64.744874,1.873400,0.066667,2.000000,VII/20
182,emission,302.471400,35.815100,1.409200,1.500000,90.000000,VII/9
183,emission,13.499199,65.709651,2.839200,1.166667,35.000000,VII/20
183,emission,300.710700,36.974500,3.227300,0.500000,15.000000,VII/9
184,emission,13.211554,56.610176,-6.261000,1.333333,40.000000,VII/20
185,emission,15.000073,60.989562,-1.864900,1.500000,120.000000,VII/20
186,emission,17.212954,63.133958,0.328700,0.050000,1.000000,VII/20
187,emission,301.964100,36.813000,2.293800,1.500000,80.000000,VII/9
188,emission,22.663954,58.366647,-4.113400,0.300000,9.000000,VII/20
189,emission,33.035555,64.171596,2.664000,0.066667,2.000000,VII/20
189,emission,301.961900,37.146400,2.475300,1.500000,60.000000,VII/9
19,emission,267.340312,-29.116891,-0.793300,0.400000,12.000000,VII/20
19,emission,123.848500,-35.854100,-0.498600,1.500000,48.000000,VII/216
190,emission,38.346410,61.442231,0.942900,1.500000,150.000000,VII/20
190,emission,300.954500,37.975500,3.593600,1.500000,60.000000,VII/9
191,emission,39.163818,59.637265,-0.563800,0.066667,2.000000,VII/20
192,emission,41.809009,61.987869,2.109200,0.050000,1.000000,VII/20
192,emission,301.454400,38.144300,3.350400,0.333333,10.000000,VII/9
193,emission,41.885514,62.004055,2.139300,0.066667,2.000000,VII/20
194,emission,41.832923,61.937714,2.068800,0.066667,2.000000,VII/20
194,emission,301.201600,38.476600,3.695500,0.133333,4.000000,VII/9
195,emission,40.025135,59.648739,-0.379000,0.100000,3.000000,VII/20
195,emission,304.469000,36.823200,0.625800,0.233333,7.000000,VII/9
196,emission,42.829952,62.231386,2.537300,0.133333,4.000000,VII/20
197,emission,40.480865,59.645951,-0.287300,0.166667,5.000000,VII/20
197,emission,301.452100,38.477600,3.530200,0.166667,5.000000,VII/9
198,emission,42.507532,59.699903,0.198000,0.300000,9.000000,VII/20
199,emission,43.639796,60.409298,1.085400,1.500000,120.000000,VII/20
199,emission,300.192700,39.472400,4.887100,1.166667,35.000000,VII/9
2,emission,256.027575,-38.142463,1.966700,1.500000,60.000000,VII/20
2,emission,267.045900,-29.182900,-0.606900,0.466667,14.000000,VII/9
2,emission,106.091000,-10.525800,-1.946900,0.466667,14.000000,VII/216
20,emission,267.309612,-28.667161,-0.538900,0.333333,10.000000,VII/20
20,emission,246.683700,-9.611700,26.219900,1.500000,50.000000,VII/9
20,emission,124.848700,-36.158100,0.001000,0.333333,10.000000,VII/216
200,emission,47.687701,62.815411,4.120300,0.200000,6.000000,VII/20
201,emission,45.793134,60.478263,1.645300,0.166667,5.000000,VII/20
202,emission,49.714652,59.633920,1.915900,1.500000,170.000000,VII/20
203,emission,50.504221,54.877714,-1.860800,1.500000,45.000000,VII/20
203,emission,303.206800,38.318200,2.288300,0.666667,20.000000,VII/9
204,emission,58.940131,57.428875,2.976600,1.333333,40.000000,VII/20
205,emission,59.033950,53.194333,-0.236300,1.500000,120.000000,VII/20
206,emission,60.804416,51.329471,-0.944900,1.500000,50.000000,VII/20
206,emission,303.959400,38.154500,1.705400,1.500000,50.000000,VII/9
207,emission,65.020612,53.143608,2.142200,0.133333,4.000000,VII/20
208,emission,64.941177,52.977615,1.990600,0.050000,1.000000,VII/20
208,emission,302.450800,38.981700,3.145400,1.500000,120.000000,VII/9
209,emission,62.762475,51.162893,-0.246100,0.466667,14.000000,VII/20
21,emission,267.912700,-28.894658,-1.109400,0.166667,5.000000,VII/20
21,emission,247.183900,-9.609500,25.825700,0.600000,18.000000,VII/9
210,emission,67.746149,52.552866,2.909100,0.666667,20.000000,VII/20
211,emission,69.240769,50.939312,2.496400,0.066667,2.000000,VII/20
212,emission,70.157278,50.380975,2.557700,0.166667,5.000000,VII/20
213,emission,65.178988,44.924832,-3.622000,0.050000,1.000000,VII/20
213,emission,300.939500,40.142200,4.750900,0.666667,20.000000,VII/9
214,emission,65.395400,44.372898,-3.903500,0.133333,4.000000,VII/20
214,emission,301.944600,39.729700,3.879000,0.133333,4.000000,VII/9
215,emission,64.387275,42.614893,-5.666800,0.066667,2.000000,VII/20
215,emission,303.955100,38.821200,2.079300,1.333333,40.000000,VII/9
216,emission,71.237586,46.820811,0.756600,1.500000,80.000000,VII/20
216,emission,301.692300,39.978600,4.176000,1.500000,45.000000,VII/9
217,emission,74.697922,48.005663,3.317100,0.300000,9.000000,VII/20
217,emission,301.188900,40.309900,4.678200,0.500000,15.000000,VII/9
218,emission,85.318966,52.188403,11.291600,1.500000,70.000000,VII/20
219,emission,74.033349,47.395118,2.587200,0.100000,3.000000,VII/20
22,emission,268.765758,-25.036146,0.194200,1.500000,60.000000,VII/20
22,emission,138.903900,-31.375600,12.104600,1.500000,45.000000,VII/216
220,emission,60.159868,36.617192,-12.266200,1.500000,320.000000,VII/20
221,emission,75.416664,46.348801,2.682900,1.500000,120.000000,VII/20
223,emission,79.299543,42.211817,2.457700,1.500000,70.000000,VII/20
223,emission,303.195500,39.984800,3.211600,0.666667,20.000000,VII/9
224,emission,81.817133,42.971172,4.415800,1.000000,30.000000,VII/20
225,emission,81.751547,40.621607,3.072500,0.333333,10.000000,VII/20
226,emission,77.778410,37.992586,-0.953100,0.100000,3.000000,VII/20
227,emission,79.971964,38.955160,1.003500,0.666667,20.000000,VII/20
227,emission,301.683900,41.145300,4.805400,1.500000,100.000000,VII/9
228,emission,78.396330,37.453364,-0.875700,0.266667,8.000000,VII/20
229,emission,79.079101,34.463345,-2.169400,1.500000,65.000000,VII/20
23,emission,243.352633,-8.372224,29.587800,1.500000,50.000000,VII/20
23,emission,129.218900,-38.525100,1.440100,0.066667,2.000000,VII/216
230,emission,80.626527,34.131907,-1.311600,1.500000,300.000000,VII/20
231,emission,84.831516,35.924944,2.550200,0.400000,12.000000,VII/20
232,emission,85.611188,36.200761,3.231000,1.333333,40.000000,VII/20
233,emission,84.679455,35.793070,2.375600,0.066667,2.000000,VII/20
233,emission,302.183800,41.314000,4.578600,1.500000,160.000000,VII/9
234,emission,82.032403,34.435130,-0.179800,0.400000,12.000000,VII/20
234,emission,305.452800,39.660500,1.593000,1.500000,110.000000,VII/9
235,emission,85.255806,35.854173,2.804200,0.333333,10.000000,VII/20
236,emission,80.640956,33.365052,-1.736000,1.500000,55.000000,VII/20
236,emission,303.942500,40.654500,3.106500,1.500000,90.000000,VII/9
237,emission,82.856030,34.277206,0.300200,0.233333,7.000000,VII/20
237,emission,299.667600,42.720200,6.908000,1.500000,53.000000,VII/9
238,emission,65.458291,19.537664,-20.913200,0.050000,1.000000,VII/20
238,emission,301.174100,42.309900,5.746300,0.333333,10.000000,VII/9
239,emission,67.822527,18.116647,-20.110200,0.166667,5.000000,VII/20
239,emission,303.436700,41.319100,3.792000,1.500000,60.000000,VII/9
24,emission,242.765912,-7.077224,30.839700,1.000000,30.000000,VII/20
24,emission,126.350000,-40.364100,-1.433500,0.100000,3.000000,VII/216
240,emission,85.251385,28.103714,-1.299700,1.500000,180.000000,VII/20
240,emission,304.944900,40.658500,2.478600,1.500000,120.000000,VII/9
241,emission,91.030448,30.247788,4.134400,0.333333,10.000000,VII/20
241,emission,304.944900,40.658500,2.478600,1.333333,40.000000,VII/9
242,emission,87.964081,27.010704,0.187200,0.233333,7.000000,VII/20
242,emission,300.669100,42.807800,6.324400,0.666667,20.000000,VII/9
243,emission,84.843850,23.290712,-4.159200,0.200000,6.000000,VII/20
243,emission,302.680000,41.982700,4.628200,1.000000,30.000000,VII/9
244,emission,83.628074,21.952373,-5.821500,0.166667,5.000000,VII/20
245,emission,60.639436,4.128526,-34.310300,1.500000,720.000000,VII/20
245,emission,306.954200,39.999800,0.846200,1.500000,45.000000,VII/9
246,emission,75.540005,14.095667,-16.565500,1.500000,65.000000,VII/20
247,emission,92.126455,21.619971,0.797700,0.300000,9.000000,VII/20
248,emission,94.161182,22.500266,2.874600,1.500000,50.000000,VII/20
249,emission,95.242664,23.089814,4.031800,1.500000,80.000000,VII/20
249,emission,306.449600,40.497800,1.448900,1.500000,50.000000,VII/9
25,emission,271.358495,-24.394253,-1.531100,1.500000,90.000000,VII/20
25,emission,129.690800,-39.210200,1.317900,0.066667,2.000000,VII/216
250,emission,70.047230,7.362796,-24.825900,0.333333,10.000000,VII/20
250,emission,313.743600,36.191600,-5.706600,1.500000,50.000000,VII/9
251,emission,68.207676,5.862690,-27.181700,1.166667,35.000000,VII/20
251,emission,304.184800,41.822200,3.604300,1.500000,45.000000,VII/9
252,emission,92.413953,20.500451,0.490200,1.333333,40.000000,VII/20
252,emission,301.418300,43.144200,6.035200,0.600000,18.000000,VII/9
253,emission,96.433038,20.028127,3.587700,0.166667,5.000000,VII/20
253,emission,306.446200,40.997800,1.740100,0.666667,20.000000,VII/9
254,emission,93.087127,18.043785,-0.137200,0.366667,11.000000,VII/20
255,emission,93.286374,17.975180,-0.003800,0.100000,3.000000,VII/20
255,emission,312.986200,37.188900,-4.602600,1.500000,70.000000,VII/9
256,emission,93.161040,17.943062,-0.123900,0.050000,1.000000,VII/20
256,emission,314.998400,35.862600,-6.693600,0.400000,12.000000,VII/9
257,emission,93.211389,17.975908,-0.066100,0.100000,3.000000,VII/20
257,emission,307.451000,40.668400,0.930300,1.500000,120.000000,VII/9
258,emission,93.385818,17.924212,0.054800,0.050000,1.000000,VII/20
259,emission,92.905736,17.445515,-0.576300,0.066667,2.000000,VII/20
259,emission,304.683600,42.157500,3.484300,1.500000,60.000000,VII/9
26,emission,269.745973,-23.326527,0.278500,0.666667,20.000000,VII/20
26,emission,271.266600,-24.329000,-1.426100,1.500000,90.000000,VII/9
26,emission,131.624200,-38.634000,2.857700,0.100000,3.000000,VII/216
260,emission,73.782861,5.661700,-22.669800,0.733333,22.000000,VII/20
261,emission,92.238376,15.801912,-1.929400,1.500000,45.000000,VII/20
262,emission,76.688544,6.167846,-19.954000,0.666667,20.000000,VII/20
262,emission,300.909100,44.142100,6.873600,1.500000,80.000000,VII/9
263,emission,80.436209,8.399021,-15.618900,0.733333,22.000000,VII/20
264,emission,83.802264,9.933426,-11.980400,1.500000,390.000000,VII/20
264,emission,301.914200,43.812900,6.085600,1.500000,70.000000,VII/9
265,emission,79.651644,7.439801,-16.781300,1.500000,70.000000,VII/20
265,emission,310.718800,39.180700,-1.966000,1.333333,40.000000,VII/9
266,emission,94.707702,15.277921,-0.090800,0.050000,1.000000,VII/20
266,emission,314.995300,36.445900,-6.311600,0.400000,12.000000,VII/9
267,emission,93.972311,14.268335,-1.195800,0.133333,4.000000,VII/20
267,emission,307.447600,41.168400,1.226000,1.500000,60.000000,VII/9
268,emission,92.562753,13.331971,-2.845800,1.500000,60.000000,VII/20
268,emission,306.189500,41.863500,2.396500,0.166667,5.000000,VII/9
269,emission,93.642730,13.821511,-1.689800,0.133333,4.000000,VII/20
27,emission,249.301754,-10.569692,23.576700,1.500000,480.000000,VII/20
27,emission,270.508900,-22.999400,-0.168000,0.666667,20.000000,VII/9
27,emission,129.583100,-40.376500,0.544100,1.500000,100.000000,VII/216
270,emission,92.557464,12.815331,-3.098700,0.050000,1.000000,VII/20
271,emission,93.727711,12.353947,-2.316400,0.066667,2.000000,VII/20
271,emission,308.954800,40.674100,0.016300,1.333333,40.000000,VII/9
272,emission,300.653100,44.807700,7.376500,1.500000,90.000000,VII/9
273,emission,100.202157,9.907991,2.167000,1.500000,250.000000,VII/20
273,emission,306.438000,42.164400,2.419100,0.733333,22.000000,VII/9
274,emission,112.278793,13.261939,14.263000,0.266667,8.000000,VII/20
275,emission,97.928770,4.929611,-2.122100,1.500000,100.000000,VII/20
275,emission,309.205400,40.675100,-0.134900,0.333333,10.000000,VII/9
276,emission,81.867248,-3.965256,-20.462800,1.500000,1200.000000,VII/20
276,emission,308.953700,40.840800,0.117100,0.266667,8.000000,VII/9
277,emission,85.181856,-2.447144,-16.826700,1.500000,120.000000,VII/20
278,emission,79.951043,-5.663647,-22.938700,1.500000,50.000000,VII/20
278,emission,304.676200,43.157500,4.049500,1.000000,30.000000,VII/9
279,emission,83.834046,-4.800897,-19.103200,0.666667,20.000000,VII/20
279,emission,306.688700,42.165400,2.268100,1.500000,70.000000,VII/9
28,emission,270.674038,-23.584191,-0.588600,1.333333,40.000000,VII/20
28,emission,272.514600,-23.989600,-2.256700,0.500000,15.000000,VII/9
28,emission,125.331000,-42.710100,-3.401400,0.066667,2.000000,VII/216
280,emission,98.580625,2.539888,-2.644000,1.333333,40.000000,VII/20
281,emission,83.727577,-5.466568,-19.499600,1.500000,60.000000,VII/20
282,emission,99.495749,1.514377,-2.301100,1.166667,35.000000,VII/20
283,emission,99.663053,0.712734,-2.518900,0.100000,3.000000,VII/20
284,emission,101.258488,0.230770,-1.319600,1.500000,80.000000,VII/20
284,emission,315.241900,37.196800,-5.970400,0.833333,25.000000,VII/9
285,emission,103.801567,-0.510108,0.605800,0.050000,1.000000,VII/20
286,emission,103.638618,-4.508746,-1.362700,0.200000,6.000000,VII/20
286,emission,308.196100,41.671200,1.069900,0.400000,12.000000,VII/9
287,emission,104.886099,-4.803871,-0.391000,0.400000,12.000000,VII/20
288,emission,307.943100,42.003600,1.418800,1.500000,45.000000,VII/9
289,emission,101.485892,-7.338414,-4.554200,0.366667,11.000000,VII/20
29,emission,272.628827,-23.998555,-2.352500,1.333333,40.000000,VII/20
29,emission,272.514600,-23.989600,-2.256700,1.500000,45.000000,VII/9
29,emission,125.431400,-42.693900,-3.331400,0.066667,2.000000,VII/216
290,emission,133.546239,8.921224,31.293200,0.566667,17.000000,VII/20
290,emission,315.240100,37.530100,-5.750900,0.266667,8.000000,VII/9
291,emission,103.854981,-8.027619,-2.772300,0.266667,8.000000,VII/20
291,emission,314.484900,38.110800,-4.920000,0.333333,10.000000,VII/9
292,emission,306.180100,43.163400,3.149500,1.500000,90.000000,VII/9
293,emission,105.448871,-11.309457,-2.865700,0.366667,11.000000,VII/20
294,emission,109.143836,-9.443748,1.219500,0.233333,7.000000,VII/20
294,emission,300.895200,45.808700,7.751400,1.500000,70.000000,VII/9
295,emission,105.672509,-11.461563,-2.739900,0.266667,8.000000,VII/20
295,emission,313.476200,39.157300,-3.642800,0.500000,15.000000,VII/9
296,emission,106.450308,-11.218834,-1.950700,1.500000,200.000000,VII/20
297,emission,106.314353,-12.334281,-2.579800,0.233333,7.000000,VII/20
297,emission,300.391100,46.140000,8.222600,1.500000,50.000000,VII/9
298,emission,109.658277,-13.198644,-0.088100,0.733333,22.000000,VII/20
298,emission,304.918000,44.325100,4.559800,0.266667,8.000000,VII/9
299,emission,112.665753,-15.292747,1.486800,0.050000,1.000000,VII/20
299,emission,315.990300,37.866000,-5.976300,1.500000,50.000000,VII/9
3,emission,258.437613,-38.503084,0.234100,0.400000,12.000000,VII/20
3,emission,109.097200,-9.389700,1.204000,0.133333,4.000000,VII/216
30,emission,270.892497,-23.015369,-0.483100,0.666667,20.000000,VII/20
30,emission,246.173700,-7.447300,27.912000,1.500000,140.000000,VII/9
30,emission,125.707400,-42.645000,-3.136700,0.066667,2.000000,VII/216
300,emission,112.764720,-15.410309,1.514100,0.100000,3.000000,VII/20
300,emission,305.672500,43.994800,3.926600,1.500000,60.000000,VII/9
301,emission,107.453610,-18.478523,-4.411200,0.300000,9.000000,VII/20
301,emission,304.414000,44.656500,5.043200,0.666667,20.000000,VII/9
302,emission,112.924630,-16.978482,0.894400,0.700000,21.000000,VII/20
302,emission,311.208600,41.015800,-1.124200,1.333333,40.000000,VII/9
303,emission,103.507591,-22.425031,-9.476300,1.500000,90.000000,VII/20
303,emission,304.916600,44.491800,4.654200,1.333333,40.000000,VII/9
304,emission,100.860980,-24.133281,-12.401300,1.500000,200.000000,VII/20
305,emission,112.533839,-18.525037,-0.175500,0.133333,4.000000,VII/20
305,emission,306.929700,43.499700,2.898900,0.666667,20.000000,VII/9
306,emission,112.653127,-19.109470,-0.357100,1.000000,30.000000,VII/20
307,emission,113.883311,-18.753807,0.833500,0.200000,6.000000,VII/20
308,emission,103.540647,-23.942091,-10.100400,1.166667,35.000000,VII/20
309,emission,113.025398,-19.429497,-0.203100,0.400000,12.000000,VII/20
309,emission,307.934900,43.170300,2.113500,1.400000,42.000000,VII/9
31,emission,272.826463,-23.796624,-2.413900,0.266667,8.000000,VII/20
31,emission,126.005000,-43.079500,-3.206100,0.100000,3.000000,VII/216
310,emission,108.264117,-24.586343,-6.516600,1.500000,480.000000,VII/20
310,emission,304.159300,45.155400,5.470000,1.500000,360.000000,VII/9
311,emission,118.086739,-26.441001,0.358800,1.500000,45.000000,VII/20
312,emission,134.790618,-25.688470,13.093000,1.500000,720.000000,VII/20
312,emission,309.695600,42.343600,0.583200,1.333333,40.000000,VII/9
313,emission,193.381874,-22.859781,40.009400,0.400000,12.000000,VII/20
313,emission,302.900500,45.817000,6.570700,1.500000,55.000000,VII/9
314,emission,305.163400,44.992800,4.791000,1.000000,30.000000,VII/9
315,emission,307.676800,44.169300,2.853300,1.500000,90.000000,VII/9
317,emission,307.927500,44.170200,2.708500,0.766667,23.000000,VII/9
32,emission,272.724745,-23.647603,-2.260600,0.266667,8.000000,VII/20
32,emission,248.179500,-8.605000,25.624500,1.500000,65.000000,VII/9
32,emission,131.206400,-41.332600,0.926000,0.900000,27.000000,VII/216
320,emission,311.953200,42.185200,-0.827900,1.500000,90.000000,VII/9
321,emission,317.994000,38.206000,-6.918100,1.500000,85.000000,VII/9
322,emission,310.693900,43.014000,0.413400,0.266667,8.000000,VII/9
323,emission,310.693300,43.097300,0.465200,0.666667,20.000000,VII/9
325,emission,304.651100,46.324100,5.833200,0.833333,25.000000,VII/9
326,emission,304.900400,46.491800,5.784100,1.500000,80.000000,VII/9
328,emission,312.703200,42.521300,-1.045000,1.333333,40.000000,VII/9
33,emission,239.968292,-1.617389,36.343300,1.166667,35.000000,VII/20
33,emission,272.763100,-23.738400,-2.335000,0.666667,20.000000,VII/9
33,emission,132.831200,-42.088400,1.393400,1.500000,95.000000,VII/216
330,emission,308.673500,45.006400,2.777600,1.333333,40.000000,VII/9
331,emission,303.386000,47.652400,7.284100,1.500000,120.000000,VII/9
332,emission,313.706200,42.524800,-1.610700,1.333333,40.000000,VII/9
333,emission,320.251300,38.046500,-8.313700,0.666667,20.000000,VII/9
334,emission,311.943000,43.685200,0.120700,1.500000,60.000000,VII/9
335,emission,305.648400,46.994700,5.643100,0.333333,10.000000,VII/9
336,emission,305.396200,47.160400,5.878400,1.500000,60.000000,VII/9
338,emission,311.941900,43.851900,0.226100,1.333333,40.000000,VII/9
339,emission,309.423200,45.342600,2.557000,1.500000,50.000000,VII/9
34,emission,271.602099,-21.658399,-0.390600,1.500000,90.000000,VII/20
343,emission,312.695300,43.687900,-0.299100,1.333333,40.000000,VII/9
347,emission,320.247500,38.796500,-7.786500,0.400000,12.000000,VII/9
348,emission,313.952600,43.192400,-1.317300,1.333333,40.000000,VII/9
35,emission,273.961254,-20.252079,-1.643900,0.666667,20.000000,VII/20
35,emission,248.931700,-9.018300,24.779600,0.666667,20.000000,VII/9
35,emission,132.867800,-44.105300,0.129400,1.000000,30.000000,VII/216
350,emission,312.691900,44.187900,0.020500,1.500000,60.000000,VII/9
352,emission,307.402400,47.168300,4.765200,1.500000,85.000000,VII/9
353,emission,312.690700,44.354600,0.127100,0.833333,25.000000,VII/9
354,emission,314.453100,43.360800,-1.485000,1.500000,60.000000,VII/9
356,emission,314.955800,43.195900,-1.869700,1.500000,50.000000,VII/9
357,emission,308.659100,46.839700,3.879200,1.000000,30.000000,VII/9
358,emission,308.659100,46.839700,3.879200,1.500000,60.000000,VII/9
359,emission,313.192300,44.356400,-0.147900,1.500000,60.000000,VII/9
36,emission,241.376463,0.394537,36.345400,1.500000,45.000000,VII/20
36,emission,134.826500,-43.745500,1.438400,0.400000,12.000000,VII/216
361,emission,310.421300,46.013000,2.412000,1.500000,80.000000,VII/9
362,emission,308.405600,47.172100,4.215800,1.500000,60.000000,VII/9
365,emission,316.460600,43.201000,-2.687100,1.500000,100.000000,VII/9
367,emission,308.903000,47.674000,4.244200,1.500000,150.000000,VII/9
37,emission,274.429723,-19.664170,-1.752400,0.666667,20.000000,VII/20
37,emission,135.062300,-45.946300,0.119100,0.433333,13.000000,VII/216
370,emission,305.627700,49.328000,6.971100,1.500000,60.000000,VII/9
371,emission,313.688100,45.191500,0.119000,1.500000,120.000000,VII/9
372,emission,308.901600,47.840700,4.344600,1.000000,30.000000,VII/9
373,emission,315.450800,44.197600,-1.478900,1.500000,120.000000,VII/9
375,emission,309.403300,47.842600,4.076300,0.833333,25.000000,VII/9
376,emission,309.151100,48.008300,4.311000,1.500000,50.000000,VII/9
377,emission,306.127800,49.496700,6.797900,1.500000,105.000000,VII/9
378,emission,314.188600,45.359900,-0.040400,1.500000,90.000000,VII/9
38,emission,272.189798,-18.269173,0.775200,0.100000,3.000000,VII/20
38,emission,134.800300,-47.462100,-1.011700,1.333333,40.000000,VII/216
381,emission,308.643700,48.673000,4.978300,1.500000,100.000000,VII/9
382,emission,307.886700,49.170200,5.673300,1.500000,240.000000,VII/9
383,emission,318.467300,43.207600,-3.755800,0.666667,20.000000,VII/9
384,emission,314.688000,45.695000,-0.087200,1.500000,120.000000,VII/9
385,emission,315.694900,45.198400,-0.945700,1.500000,70.000000,VII/9
386,emission,307.883700,49.503500,5.870100,1.500000,50.000000,VII/9
387,emission,314.937700,45.862500,-0.108900,1.500000,80.000000,VII/9
389,emission,318.715100,43.708400,-3.540500,0.500000,15.000000,VII/9
39,emission,274.193731,-18.649738,-1.075100,0.100000,3.000000,VII/20
39,emission,249.176300,-7.850500,25.257000,1.500000,70.000000,VII/9
39,emission,135.897300,-48.399200,-1.078800,0.066667,2.000000,VII/216
390,emission,318.714100,43.875000,-3.424900,0.666667,20.000000,VII/9
393,emission,318.963900,44.042500,-3.438600,0.833333,25.000000,VII/9
4,emission,259.953233,-39.338734,-1.211100,0.166667,5.000000,VII/20
4,emission,110.976500,-8.598300,3.214700,1.500000,60.000000,VII/216
40,emission,273.009122,-17.744521,0.346100,0.500000,15.000000,VII/20
40,emission,135.669500,-48.648400,-1.357200,0.266667,8.000000,VII/216
400,emission,320.220300,43.713100,-4.316400,1.500000,90.000000,VII/9
401,emission,320.724100,43.381400,-4.809100,1.500000,100.000000,VII/9
402,emission,319.966400,44.212400,-3.835100,1.500000,60.000000,VII/9
41,emission,273.964293,-18.235276,-0.686500,1.500000,90.000000,VII/20
41,emission,139.138500,-47.959800,0.802500,0.266667,8.000000,VII/216
410,emission,316.917200,49.619200,1.400500,0.066667,2.000000,VII/9
411,emission,316.412700,49.917600,1.842300,0.066667,2.000000,VII/9
42,emission,273.993700,-20.315700,-1.700900,0.333333,10.000000,VII/9
42,emission,141.015400,-52.115800,-1.274900,0.300000,9.000000,VII/216
421,emission,323.943700,50.224300,-1.360500,1.000000,30.000000,VII/9
423,emission,324.445200,50.359100,-1.474400,0.400000,12.000000,VII/9
426,emission,325.198500,50.394600,-1.765800,1.500000,90.000000,VII/9
429,emission,337.553800,39.090000,-16.034000,1.500000,100.000000,VII/9
43,emission,274.105338,-17.400530,-0.407300,0.500000,15.000000,VII/20
430,emission,337.804700,39.090500,-16.137500,1.500000,50.000000,VII/9
44,emission,274.123255,-16.733655,-0.105200,1.500000,60.000000,VII/20
44,emission,142.788100,-56.304500,-3.581900,0.066667,2.000000,VII/216
445,emission,317.826600,59.289000,7.558800,1.500000,60.000000,VII/9
45,emission,275.192191,-16.173263,-0.743000,1.500000,60.000000,VII/20
45,emission,152.949500,-56.397500,-0.113400,0.533333,16.000000,VII/216
451,emission,323.632000,57.473500,4.125800,0.400000,12.000000,VII/9
452,emission,323.884300,57.390900,3.973200,0.466667,14.000000,VII/9
453,emission,318.821100,60.208900,7.819600,1.500000,100.000000,VII/9
455,emission,324.887200,57.727100,3.864200,1.500000,150.000000,VII/9
456,emission,324.881400,58.310400,4.303000,0.333333,10.000000,VII/9
457,emission,326.141900,58.063900,3.681000,1.500000,90.000000,VII/9
46,emission,271.546462,-14.158545,3.310600,0.833333,25.000000,VII/20
46,emission,151.934600,-57.495200,-1.329300,0.500000,15.000000,VII/216
47,emission,274.436439,-15.613894,0.161900,0.166667,5.000000,VII/20
47,emission,274.239100,-19.481200,-1.507600,0.500000,15.000000,VII/9
47,emission,151.293200,-58.943700,-2.700200,0.833333,25.000000,VII/216
471,emission,334.713300,56.084500,-0.695100,1.000000,30.000000,VII/9
473,emission,334.966000,55.918300,-0.911500,1.500000,80.000000,VII/9
479,emission,333.190000,57.914500,1.286000,1.500000,45.000000,VII/9
48,emission,275.600580,-14.585894,-0.343900,0.333333,10.000000,VII/20
48,emission,153.945500,-57.849600,-1.005900,0.500000,15.000000,VII/216
485,emission,333.181300,58.997900,2.179900,0.333333,10.000000,VII/9
489,emission,334.187200,59.166700,2.028700,0.266667,8.000000,VII/9
49,emission,274.669269,-13.961553,0.746400,1.500000,90.000000,VII/20
49,emission,155.960500,-57.703800,-0.296400,1.500000,90.000000,VII/216
491,emission,334.438300,59.250600,2.027100,0.433333,13.000000,VII/9
492,emission,335.198300,58.668800,1.325700,0.733333,22.000000,VII/9
493,emission,335.197700,58.752200,1.395900,0.166667,5.000000,VII/9
5,emission,260.014430,-38.454751,-0.744300,1.500000,100.000000,VII/20
5,emission,109.604000,-13.242100,-0.155100,0.266667,8.000000,VII/216
50,emission,276.376738,-14.711722,-1.066400,1.166667,35.000000,VII/20
50,emission,156.593500,-57.155000,0.349600,0.400000,12.000000,VII/216
502,emission,339.986000,58.227700,-0.339500,0.333333,10.000000,VII/9
51,emission,280.194741,-16.558371,-5.180300,1.166667,35.000000,VII/20
51,emission,273.981000,-17.982400,-0.580000,1.500000,210.000000,VII/9
51,emission,159.508900,-57.960400,0.450500,0.400000,12.000000,VII/216
511,emission,341.750100,58.013900,-0.967400,0.833333,25.000000,VII/9
514,emission,342.495200,59.898400,0.536100,0.100000,3.000000,VII/9
52,emission,296.945206,-23.087534,-22.213500,0.066667,2.000000,VII/20
52,emission,274.980900,-17.977600,-1.415300,1.000000,30.000000,VII/9
52,emission,161.369000,-58.563400,0.387500,0.500000,15.000000,VII/216
520,emission,337.914800,65.090800,6.102200,1.166667,35.000000,VII/9
521,emission,342.738900,61.265400,1.704300,1.500000,55.000000,VII/9
527,emission,343.991300,62.600500,2.645800,0.466667,14.000000,VII/9
529,emission,344.244600,62.434200,2.445500,1.500000,50.000000,VII/9
53,emission,276.311518,-13.228946,-0.318100,0.500000,15.000000,VII/20
53,emission,160.480000,-59.762000,-0.884500,1.500000,210.000000,VII/216
533,emission,348.544200,59.772500,-0.820500,0.900000,27.000000,VII/9
536,emission,348.796200,59.772700,-0.866600,1.500000,80.000000,VII/9
54,emission,274.471520,-11.730026,1.972200,1.500000,140.000000,VII/20
54,emission,165.012600,-60.368600,-0.417200,1.500000,210.000000,VII/216
540,emission,349.046400,60.272900,-0.445300,1.500000,60.000000,VII/9
542,emission,348.537200,61.489100,0.777900,0.266667,8.000000,VII/9
543,emission,349.043100,61.106300,0.333000,0.233333,7.000000,VII/9
544,emission,349.549300,60.606700,-0.221600,0.666667,20.000000,VII/9
547,emission,349.292600,61.773200,0.913100,1.500000,90.000000,VII/9
548,emission,350.051400,61.190500,0.240400,0.500000,15.000000,VII/9
549,emission,350.051400,61.190500,0.240400,1.000000,30.000000,VII/9
55,emission,278.046318,-11.762123,-1.137000,0.166667,5.000000,VII/20
55,emission,273.973900,-16.649100,0.060900,1.500000,60.000000,VII/9
55,emission,164.038900,-63.017400,-3.012900,0.266667,8.000000,VII/216
554,emission,354.598500,56.960200,-4.505600,0.166667,5.000000,VII/9
56,emission,277.775910,-9.714631,0.045100,0.233333,7.000000,VII/20
56,emission,273.973900,-16.649100,0.060900,0.100000,3.000000,VII/9
56,emission,166.337900,-62.470200,-2.079200,0.066667,2.000000,VII/216
565,emission,354.841400,61.927000,0.232100,0.266667,8.000000,VII/9
57,emission,277.640054,-8.615889,0.672600,0.066667,2.000000,VII/20
57,emission,168.664300,-61.206100,-0.492200,1.500000,170.000000,VII/216
571,emission,358.374200,60.478100,-1.594400,0.166667,5.000000,VII/9
577,emission,0.391500,64.661600,2.304800,0.666667,20.000000,VII/9
58,emission,277.863524,-8.463726,0.547100,0.266667,8.000000,VII/20
58,emission,271.461000,-14.161300,3.381700,1.000000,30.000000,VII/9
58,emission,166.571600,-65.570500,-4.884700,0.233333,7.000000,VII/216
580,emission,0.138600,67.444900,5.054900,0.333333,10.000000,VII/9
581,emission,0.391600,67.194900,4.790700,0.666667,20.000000,VII/9
584,emission,0.897200,66.944900,4.508000,1.166667,35.000000,VII/9
586,emission,0.897400,67.444900,4.999400,1.166667,35.000000,VII/9
587,emission,0.644700,68.611600,6.163100,1.500000,95.000000,VII/9
588,emission,1.403000,67.111500,4.636100,0.833333,25.000000,VII/9
589,emission,0.897800,68.611600,6.145800,0.666667,20.000000,VII/9
59,emission,279.254848,-7.600293,-0.277700,0.666667,20.000000,VII/20
59,emission,274.217800,-15.481300,0.410200,0.166667,5.000000,VII/9
59,emission,174.346500,-56.943600,4.482800,1.500000,180.000000,VII/216
591,emission,5.180000,59.277300,-3.360400,0.200000,6.000000,VII/9
592,emission,5.184200,61.777300,-0.878400,0.666667,20.000000,VII/9
6,emission,258.767115,-37.116523,0.833200,0.133333,4.000000,VII/20
60,emission,279.171080,-6.701055,0.209300,0.666667,20.000000,VII/20
60,emission,275.220300,-15.976400,-0.674100,1.333333,40.000000,VII/9
60,emission,172.189900,-62.775600,-1.405600,1.500000,50.000000,VII/216
61,emission,278.229722,-5.010034,1.818900,0.066667,2.000000,VII/20
61,emission,172.640900,-63.775900,-2.293200,0.500000,15.000000,VII/216
615,emission,12.981900,56.438200,-6.433500,0.766667,23.000000,VII/9
62,emission,276.893583,-3.856203,3.533200,0.133333,4.000000,VII/20
62,emission,174.333800,-63.176900,-1.497700,1.500000,80.000000,VII/216
624,emission,16.904800,73.516900,10.681800,0.200000,6.000000,VII/9
625,emission,15.269500,61.102300,-1.747600,1.500000,60.000000,VII/9
63,emission,299.429970,-14.115726,-20.938300,1.500000,55.000000,VII/20
63,emission,184.919300,-52.277500,10.290100,1.500000,250.000000,VII/216
633,emission,22.560300,58.374400,-4.113900,0.333333,10.000000,VII/9
64,emission,277.899770,-1.913069,3.536200,0.833333,25.000000,VII/20
64,emission,275.713300,-14.640700,-0.466000,0.500000,15.000000,VII/9
645,emission,36.446300,61.975200,1.105200,0.400000,12.000000,VII/9
646,emission,36.701400,62.224500,1.380700,0.433333,13.000000,VII/9
647,emission,36.951100,62.057100,1.266900,0.666667,20.000000,VII/9
65,emission,281.742240,-3.742966,-0.713400,0.233333,7.000000,VII/20
65,emission,188.588900,-61.575600,1.228700,0.366667,11.000000,VII/216
654,emission,38.451000,61.219300,0.756300,1.500000,60.000000,VII/9
656,emission,38.190900,60.553400,0.092700,1.500000,55.000000,VII/9
657,emission,38.189900,60.470100,0.015500,0.500000,15.000000,VII/9
66,emission,281.375547,-1.996385,0.409600,0.266667,8.000000,VII/20
66,emission,188.867500,-61.925400,0.888100,0.066667,2.000000,VII/216
664,emission,42.744100,62.206000,2.496700,0.200000,6.000000,VII/9
667,emission,42.717100,60.289400,0.773100,1.333333,40.000000,VII/9
67,emission,282.353931,-2.353742,-0.623400,0.333333,10.000000,VII/20
67,emission,274.709100,-13.812200,0.783000,1.500000,120.000000,VII/9
67,emission,188.968700,-62.025300,0.791300,0.133333,4.000000,VII/216
670,emission,42.712700,59.956000,0.473300,0.833333,25.000000,VII/9
672,emission,43.470700,60.203600,0.864100,1.500000,120.000000,VII/9
673,emission,43.978300,60.535200,1.273700,0.833333,25.000000,VII/9
675,emission,45.737600,60.429300,1.589200,0.133333,4.000000,VII/9
676,emission,48.761600,60.851900,2.700100,0.666667,20.000000,VII/9
68,emission,276.297982,0.854929,6.228300,0.266667,8.000000,VII/20
68,emission,274.959500,-13.894300,0.529900,1.166667,35.000000,VII/9
68,emission,190.052800,-61.874500,0.968400,0.500000,15.000000,VII/216
69,emission,281.109164,-0.282184,1.429000,0.666667,20.000000,VII/20
69,emission,191.115100,-62.573500,0.287400,0.166667,5.000000,VII/216
7,emission,240.082370,-22.950583,22.258300,1.500000,240.000000,VII/20
70,emission,273.662247,7.063023,11.375500,0.166667,5.000000,VII/20
704,emission,60.691600,51.321500,-0.997400,0.300000,9.000000,VII/9
705,emission,60.942200,51.303800,-0.907200,0.833333,25.000000,VII/9
706,emission,60.938600,50.970500,-1.158400,1.500000,45.000000,VII/9
708,emission,64.974700,53.119800,2.105900,0.233333,7.000000,VII/9
71,emission,285.511365,2.159647,-1.373200,0.100000,3.000000,VII/20
71,emission,274.702300,-12.478900,1.419200,1.500000,80.000000,VII/9
71,emission,192.573700,-61.572100,1.299300,0.133333,4.000000,VII/216
710,emission,62.696300,51.213000,-0.237600,0.233333,7.000000,VII/9
717,emission,69.208600,50.850900,2.422000,0.066667,2.000000,VII/9
72,emission,285.959979,2.313862,-1.701300,0.833333,25.000000,VII/20
72,emission,274.449800,-11.980100,1.872600,1.500000,60.000000,VII/9
72,emission,193.328900,-61.271300,1.599600,0.066667,2.000000,VII/216
722,emission,70.206000,50.429700,2.613200,0.166667,5.000000,VII/9
73,emission,242.781881,21.874055,44.557800,1.500000,75.000000,VII/20
73,emission,193.758500,-61.470900,1.397800,0.066667,2.000000,VII/216
734,emission,51.523900,31.674600,-20.608000,0.333333,10.000000,VII/9
74,emission,287.204330,5.608963,-1.291300,0.100000,3.000000,VII/20
74,emission,197.751400,-62.815800,-0.028900,0.500000,15.000000,VII/216
744,emission,71.419900,46.757400,0.809900,1.500000,50.000000,VII/9
747,emission,73.930300,47.395900,2.533300,0.066667,2.000000,VII/9
75,emission,284.814222,7.119978,1.512500,0.333333,10.000000,VII/20
75,emission,199.943600,-62.512400,0.179700,0.600000,18.000000,VII/216
752,emission,60.321500,36.972900,-11.915300,1.500000,300.000000,VII/9
756,emission,60.319300,36.639500,-12.163900,1.500000,160.000000,VII/9
76,emission,284.107326,7.813342,2.452300,0.233333,7.000000,VII/20
76,emission,203.332500,-66.006500,-3.480800,0.100000,3.000000,VII/216
768,emission,79.386800,42.053400,2.419200,1.500000,70.000000,VII/9
77,emission,297.072071,1.147866,-12.083200,0.266667,8.000000,VII/20
777,emission,61.260900,26.385400,-19.067000,0.666667,20.000000,VII/9
78,emission,285.796484,14.129527,3.846900,0.400000,12.000000,VII/20
78,emission,277.682800,-8.631100,0.628000,0.066667,2.000000,VII/9
78,emission,203.471800,-62.256200,0.209500,1.500000,45.000000,VII/216
780,emission,77.852800,38.027200,-0.885400,0.066667,2.000000,VII/9
784,emission,78.348400,37.391500,-0.942800,0.066667,2.000000,VII/9
785,emission,65.527100,28.450300,-14.910600,0.166667,5.000000,VII/9
786,emission,63.259100,25.626900,-18.317400,1.500000,180.000000,VII/9
79,emission,290.826919,13.976042,-0.549000,1.333333,40.000000,VII/20
79,emission,277.931900,-8.463200,0.487300,0.266667,8.000000,VII/9
79,emission,204.979900,-61.753300,0.580400,0.300000,9.000000,VII/216
791,emission,78.574500,34.057100,-2.744900,1.500000,100.000000,VII/9
794,emission,81.336800,35.543900,-0.034100,1.500000,55.000000,VII/9
795,emission,79.327300,34.386800,-2.046600,1.500000,50.000000,VII/9
796,emission,79.575200,34.052300,-2.071900,1.500000,240.000000,VII/9
8,emission,260.353508,-36.034673,0.415000,1.500000,120.000000,VII/20
8,emission,112.629500,-18.555900,-0.110800,0.100000,3.000000,VII/216
80,emission,287.870684,16.865660,3.319100,0.066667,2.000000,VII/20
80,emission,206.753000,-62.649600,-0.463300,0.700000,21.000000,VII/216
802,emission,84.590600,35.861600,2.351200,0.066667,2.000000,VII/9
803,emission,84.840700,35.860400,2.522200,0.400000,12.000000,VII/9
804,emission,82.078800,34.373700,-0.182000,0.433333,13.000000,VII/9
807,emission,80.571100,33.380900,-1.775100,1.333333,40.000000,VII/9
808,emission,85.340900,35.858000,2.864900,0.333333,10.000000,VII/9
81,emission,300.306246,11.792641,-9.672400,0.333333,10.000000,VII/20
810,emission,82.828000,34.203400,0.240400,0.133333,4.000000,VII/9
817,emission,65.480300,19.617100,-20.845600,0.233333,7.000000,VII/9
82,emission,279.172800,-6.623900,0.243300,0.500000,15.000000,VII/9
82,emission,209.815300,-61.442600,0.369400,0.166667,5.000000,VII/216
821,emission,67.724400,18.107100,-20.188600,0.200000,6.000000,VII/9
822,emission,84.788000,28.027200,-1.686900,1.500000,200.000000,VII/9
826,emission,87.782300,27.012700,0.049000,0.233333,7.000000,VII/9
827,emission,88.032300,27.011500,0.239900,0.333333,10.000000,VII/9
829,emission,59.918300,6.640900,-33.332800,0.733333,22.000000,VII/9
83,emission,291.134076,20.795813,2.415800,0.066667,2.000000,VII/20
83,emission,212.165300,-62.070200,-0.541600,1.500000,60.000000,VII/216
833,emission,83.752400,22.032100,-5.681500,0.266667,8.000000,VII/9
835,emission,59.911200,4.974300,-34.371800,0.666667,20.000000,VII/9
836,emission,60.406400,3.805500,-34.690400,1.500000,80.000000,VII/9
84,emission,297.266745,18.400225,-3.795000,0.500000,15.000000,VII/20
84,emission,278.414800,-4.960900,1.677900,0.066667,2.000000,VII/9
843,emission,92.250700,21.590900,0.884600,0.333333,10.000000,VII/9
845,emission,95.758200,22.973900,4.397700,1.333333,40.000000,VII/9
85,emission,285.821905,25.830347,9.048800,0.200000,6.000000,VII/20
85,emission,276.909200,-3.801400,3.544700,0.100000,3.000000,VII/9
85,emission,215.180100,-61.395500,-0.353100,0.833333,25.000000,VII/216
850,emission,79.455500,13.386000,-13.788900,0.166667,5.000000,VII/9
854,emission,92.494600,20.489700,0.551100,1.333333,40.000000,VII/9
856,emission,48.106800,-9.229700,-52.237100,0.500000,15.000000,VII/9
86,emission,295.790506,23.287553,-0.152600,1.333333,40.000000,VII/20
86,emission,219.855800,-62.665300,-2.345600,0.100000,3.000000,VII/216
864,emission,92.218600,15.657600,-2.015800,1.000000,30.000000,VII/9
865,emission,83.189400,10.034700,-12.447100,1.500000,270.000000,VII/9
869,emission,79.678000,7.801500,-16.570800,1.333333,40.000000,VII/9
87,emission,296.603034,24.628056,-0.125200,0.333333,10.000000,VII/20
87,emission,226.202600,-57.511000,0.844400,0.066667,2.000000,VII/216
871,emission,79.674700,7.134800,-16.920100,1.000000,30.000000,VII/9
872,emission,79.423900,6.969400,-17.218700,1.333333,40.000000,VII/9
876,emission,93.709100,13.833700,-1.627300,0.100000,3.000000,VII/9
878,emission,86.185500,9.186800,-10.328100,1.000000,30.000000,VII/9
879,emission,86.434800,9.052300,-10.181800,0.100000,3.000000,VII/9
88,emission,296.495232,25.343816,0.318800,0.833333,25.000000,VII/20
88,emission,226.633300,-57.792900,0.485600,0.100000,3.000000,VII/216
880,emission,79.913300,4.767000,-17.931600,1.333333,40.000000,VII/9
881,emission,80.664700,5.046700,-17.144600,1.500000,45.000000,VII/9
882,emission,80.163100,4.715800,-17.743100,1.333333,40.000000,VII/9
883,emission,79.410600,4.219400,-18.641400,1.333333,40.000000,VII/9
884,emission,79.910700,4.217000,-18.212600,1.500000,50.000000,VII/9
885,emission,82.664000,4.870500,-15.510900,1.500000,70.000000,VII/9
888,emission,82.159200,3.872900,-16.443800,1.500000,55.000000,VII/9
89,emission,297.510162,26.486019,0.108000,0.166667,5.000000,VII/20
89,emission,228.357400,-58.953500,-0.972800,0.133333,4.000000,VII/216
890,emission,80.654300,2.880100,-18.240800,1.500000,120.000000,VII/9
899,emission,99.194000,10.957200,1.765600,1.000000,30.000000,VII/9
9,emission,245.295401,-25.589395,17.002400,1.500000,80.000000,VII/20
9,emission,266.527300,-26.185400,1.339100,0.166667,5.000000,VII/9
9,emission,101.266900,-24.386500,-12.169200,1.500000,90.000000,VII/216
90,emission,297.305576,26.867599,0.459200,0.200000,6.000000,VII/20
90,emission,277.901100,-2.130000,3.435400,0.666667,20.000000,VII/9
902,emission,99.193100,10.790500,1.688400,0.300000,9.000000,VII/9
91,emission,293.891975,29.604402,4.426500,1.500000,120.000000,VII/20
91,emission,229.101400,-58.200800,-0.532900,0.366667,11.000000,VII/216
912,emission,100.187600,9.702400,2.060400,1.500000,45.000000,VII/9
92,emission,296.663908,28.245423,1.645800,1.500000,50.000000,VII/20
92,emission,229.584800,-56.682300,0.617900,0.266667,8.000000,VII/216
922,emission,100.183900,8.952400,1.714400,1.500000,180.000000,VII/9
924,emission,85.137000,-0.724900,-16.061300,0.500000,15.000000,VII/9
93,emission,298.755199,27.213425,-0.472700,0.050000,1.000000,VII/20
93,emission,276.136700,0.861600,6.374800,0.266667,8.000000,VII/9
93,emission,233.435200,-59.067800,-2.502200,0.066667,2.000000,VII/216
932,emission,97.924400,6.963300,-1.187100,1.500000,55.000000,VII/9
933,emission,86.895500,1.016600,-13.688800,1.500000,420.000000,VII/9
936,emission,98.422700,6.627500,-0.903100,0.366667,11.000000,VII/9
94,emission,291.965158,31.470552,6.772200,0.833333,25.000000,VII/20
94,emission,235.204500,-54.160800,0.887900,0.666667,20.000000,VII/216
941,emission,97.919100,5.879900,-1.692100,0.600000,18.000000,VII/9
943,emission,98.417900,5.627500,-1.368200,1.000000,30.000000,VII/9
947,emission,101.172400,6.614300,1.518200,1.500000,60.000000,VII/9
948,emission,98.164600,4.962100,-1.898600,1.500000,80.000000,VII/9
95,emission,298.757301,29.296873,0.602900,0.050000,1.000000,VII/20
95,emission,235.879600,-53.941400,0.823700,0.100000,3.000000,VII/216
950,emission,84.379400,-2.304500,-17.470300,1.500000,70.000000,VII/9
951,emission,99.165400,5.123900,-0.939000,0.500000,15.000000,VII/9
952,emission,100.166900,5.452500,0.097900,1.500000,200.000000,VII/9
953,emission,85.379400,-2.309400,-16.587900,1.500000,90.000000,VII/9
955,emission,88.635800,-0.991800,-13.093300,1.333333,40.000000,VII/9
956,emission,80.114400,-5.450700,-22.696800,1.500000,50.000000,VII/9
958,emission,84.875300,-3.140300,-17.418800,1.500000,60.000000,VII/9
96,emission,292.175354,32.689184,7.181800,0.833333,25.000000,VII/20
96,emission,238.204100,-55.248700,-1.036900,0.066667,2.000000,VII/216
960,emission,79.862000,-5.949500,-23.147600,1.000000,30.000000,VII/9
962,emission,85.375300,-3.142700,-16.976900,1.500000,50.000000,VII/9
965,emission,84.872900,-3.640300,-17.651100,0.266667,8.000000,VII/9
967,emission,84.871300,-3.973600,-17.805400,0.500000,15.000000,VII/9
968,emission,75.348200,-8.928200,-28.482600,0.666667,20.000000,VII/9
97,emission,299.022057,30.265846,0.908100,0.333333,10.000000,VII/20
97,emission,237.896700,-54.750000,-0.538800,0.200000,6.000000,VII/216
970,emission,98.653300,2.626400,-2.539800,1.333333,40.000000,VII/9
974,emission,83.864100,-5.468800,-19.379400,1.500000,90.000000,VII/9
976,emission,89.376000,-2.995400,-13.359400,1.500000,160.000000,VII/9
977,emission,84.361600,-5.971200,-19.163800,1.500000,240.000000,VII/9
978,emission,99.648500,1.621600,-2.116200,1.333333,40.000000,VII/9
98,emission,299.685650,31.421541,1.024100,0.500000,15.000000,VII/20
98,emission,238.848900,-54.646100,-0.808000,0.200000,6.000000,VII/216
982,emission,88.363800,-5.490600,-15.389400,1.500000,50.000000,VII/9
985,emission,89.112200,-5.827500,-14.874400,1.500000,60.000000,VII/9
986,emission,101.392100,0.279900,-1.178200,0.666667,20.000000,VII/9
987,emission,101.141300,0.114400,-1.476900,0.666667,20.000000,VII/9
988,emission,88.108900,-6.489300,-16.062400,1.500000,180.000000,VII/9
989,emission,86.854900,-7.316600,-17.545000,1.500000,60.000000,VII/9
99,emission,300.212765,33.492763,1.733600,0.166667,5.000000,VII/20
99,emission,280.892300,-0.282300,1.621900,0.500000,15.000000,VII/9
99,emission,240.669000,-53.721800,-0.797700,0.133333,4.000000,VII/216
999,emission,92.108900,-6.508800,-12.511300,0.500000,15.000000,VII/9
001.0+01.9,planetary,265.117026,-27.013091,1.978200,0.041111,0.616667,V/84/main
002.4+05.8,planetary,262.336589,-23.758958,5.846200,0.042222,0.633333,V/84/main
002.7-52.4,planetary,329.882211,-39.376777,-52.429800,0.125556,1.883333,V/84/main
002.9+06.5,planetary,261.973559,-22.955414,6.564500,0.050000,,V/84/main
008.0+03.9,planetary,267.313640,-20.009569,3.904800,0.036667,0.550000,V/84/main
013.8-02.8,planetary,276.513126,-18.201579,-2.807300,0.122222,1.833333,V/84/main
014.7-11.8,planetary,285.566942,-21.447597,-11.879800,0.094444,1.416667,V/84/main
014.8-25.6,planetary,299.555096,-26.470964,-25.602700,0.051111,0.766667,V/84/main
015.6-03.0,planetary,277.546960,-16.757404,-3.013200,0.058889,0.883333,V/84/main
016.0+13.5,planetary,262.881059,-8.319467,13.585800,0.066667,1.000000,V/84/main
017.3-21.9,planetary,296.640688,-23.136802,-21.970300,0.111111,1.666667,V/84/main
017.6-10.2,planetary,285.254450,-18.204301,-10.240600,0.074444,1.116667,V/84/main
019.4-13.6,planetary,289.269221,-18.026190,-13.626100,0.035556,0.533333,V/84/main
019.4-19.6,planetary,295.135336,-20.450042,-19.671000,0.155556,2.333333,V/84/main
019.8-23.7,planetary,299.382553,-21.610258,-23.782000,0.296667,4.450000,V/84/main
020.2-00.6,planetary,277.572641,-11.614994,-0.657700,0.300000,4.750000,V/84/main
024.2+05.9,planetary,273.577592,-4.989238,5.932000,0.048889,0.733333,V/84/main
025.0-11.6,planetary,289.822985,-12.247751,-11.664200,0.082222,1.233333,V/84/main
025.4-04.7,planetary,283.652197,-8.830353,-4.713000,0.100000,1.500000,V/84/main
027.3-03.4,planetary,283.371780,-6.487209,-3.406800,0.038889,0.583333,V/84/main
027.6+16.9,planetary,265.419380,3.117099,16.926100,0.104444,1.566667,V/84/main
028.0+10.2,planetary,271.503143,0.376868,10.267400,0.040000,0.600000,V/84/main
029.0+00.4,planetary,280.706301,-3.216517,0.446900,0.044444,0.666667,V/84/main
030.6+06.2,planetary,276.243787,0.860687,6.279200,0.300000,6.666667,V/84/main
031.9-00.3,planetary,282.667604,-1.053818,-0.309800,0.033333,0.500000,V/84/main
033.0-05.3,planetary,287.626895,-2.350548,-5.313600,0.068889,1.033333,V/84/main
033.1-06.3,planetary,288.618493,-2.707354,-6.358200,0.071111,1.066667,V/84/main
034.1-10.5,planetary,292.779365,-3.706751,-10.514100,0.052222,0.783333,V/84/main
035.1-00.7,planetary,284.533332,1.618366,-0.751100,0.036444,0.546667,V/84/main
035.9-01.1,planetary,285.250419,2.156465,-1.142800,0.111111,1.666667,V/84/main
036.0+17.6,planetary,268.384847,10.622126,17.619500,0.088889,1.333333,V/84/main
036.1-57.1,planetary,337.411477,-20.837503,-57.119300,0.300000,16.333334,V/84/main
037.5-05.1,planetary,289.584919,1.780748,-5.164100,0.044444,0.666667,V/84/main
037.9-03.4,planetary,288.277671,2.880298,-3.498200,0.201111,3.016667,V/84/main
038.1-25.4,planetary,307.888144,-7.089223,-25.462800,0.046667,0.700000,V/84/main
038.7+01.9,planetary,283.736864,6.044658,1.975100,0.300000,5.066667,V/84/main
040.3-00.4,planetary,286.691032,6.398805,-0.474600,0.034444,0.516667,V/84/main
041.8-02.9,planetary,289.617977,6.539838,-2.987800,0.120000,1.800000,V/84/main
043.5-13.4,planetary,299.621941,3.039589,-13.422900,0.074444,1.116667,V/84/main
044.3+10.4,planetary,278.510502,14.821780,10.479900,0.150000,2.250000,V/84/main
045.6+24.3,planetary,265.654658,21.447361,24.314700,0.052222,0.783333,V/84/main
045.7-04.5,planetary,292.899294,9.227247,-4.590200,0.038889,0.583333,V/84/main
047.0+42.4,planetary,246.889291,27.909652,42.483700,0.193333,2.900000,V/84/main
047.1-04.2,planetary,293.326361,10.616951,-4.295600,0.178889,2.683333,V/84/main
048.7-01.5,planetary,291.610231,13.328427,-1.526200,0.044444,0.666667,V/84/main
050.4+05.2,planetary,286.134241,17.952726,5.289300,0.041111,0.616667,V/84/main
051.5+06.1,planetary,285.905164,19.356395,6.114700,0.050000,0.750000,V/84/main
051.9+25.8,planetary,266.238047,27.335273,25.819500,0.047778,0.716667,V/84/main
052.2+07.6,planetary,284.763350,20.617445,7.636600,0.033333,0.500000,V/84/main
053.3+03.0,planetary,289.670644,19.565499,3.052200,0.096667,1.450000,V/84/main
053.8-03.0,planetary,295.543710,17.085452,-3.028400,0.044444,0.666667,V/84/main
055.3+06.6,planetary,287.163914,22.980918,6.691900,0.062222,0.933333,V/84/main
055.4+16.0,planetary,277.828623,26.938107,16.030600,0.070000,1.050000,V/84/main
058.6+06.1,planetary,289.264835,25.623989,6.181200,0.041111,0.616667,V/84/main
058.6-05.5,planetary,300.425193,19.911459,-5.580700,0.166667,2.500000,V/84/main
059.7-18.7,planetary,312.508508,13.557845,-18.729500,0.141111,2.116667,V/84/main
060.0-04.3,planetary,300.044909,21.715988,-4.334600,0.042222,0.633333,V/84/main
060.8-03.6,planetary,299.900680,22.716778,-3.697900,0.300000,6.700000,V/84/main
061.4-09.5,planetary,305.593430,20.105061,-9.569200,0.044444,0.666667,V/84/main
062.4+09.5,planetary,287.780266,30.548322,9.556200,0.044444,0.666667,V/84/main
063.1+13.9,planetary,283.398997,33.027851,13.975500,0.084444,1.266667,V/84/main
066.7-28.2,planetary,324.220568,12.788280,-28.202300,0.104444,1.566667,V/84/main
069.4-02.6,planetary,304.099698,30.565021,-2.622100,0.044444,0.666667,V/84/main
072.7-17.1,planetary,319.218173,24.147524,-17.152300,0.300000,13.833334,V/84/main
077.6+14.7,planetary,289.792444,46.243407,14.776700,0.222222,3.333333,V/84/main
081.2-14.9,planetary,323.872988,31.695687,-14.913200,0.118889,1.783333,V/84/main
086.1+05.4,planetary,307.969576,48.877976,5.457900,0.211111,3.166667,V/84/main
087.4-03.8,planetary,319.529384,43.810975,-3.892200,0.038889,0.583333,V/84/main
088.7-01.6,planetary,318.563392,46.288470,-1.680000,0.067778,1.016667,V/84/main
089.8-00.6,planetary,318.516926,47.741113,-0.653700,0.038889,0.583333,V/84/main
093.3-02.4,planetary,324.252626,48.936605,-2.451000,0.036667,0.550000,V/84/main
093.4+05.4,planetary,315.136512,54.541345,5.491900,0.095556,1.433333,V/84/main
094.0+27.4,planetary,275.460821,64.368014,27.431500,0.126667,1.900000,V/84/main
095.2+07.8,planetary,314.109499,57.432292,7.802000,0.081111,1.216667,V/84/main
101.8+08.7,planetary,321.600670,62.890686,8.748000,0.062222,0.933333,V/84/main
102.8-05.0,planetary,338.690899,52.434361,-5.019900,0.150000,2.250000,V/84/main
102.9-02.3,planetary,336.572555,54.827927,-2.321500,0.060000,0.900000,V/84/main
103.2+00.6,planetary,334.013921,57.477999,0.677300,0.043333,0.650000,V/84/main
104.1+07.9,planetary,326.542727,63.787557,7.908000,0.085556,1.283333,V/84/main
104.2-29.6,planetary,353.973172,30.467160,-29.643100,0.300000,5.333333,V/84/main
107.7+07.8,planetary,333.344913,65.898581,7.808400,0.300000,15.000001,V/84/main
110.6-12.9,planetary,354.785931,48.210325,-12.934900,0.036667,0.550000,V/84/main
111.0+11.6,planetary,334.890481,70.933607,11.640800,0.300000,8.833334,V/84/main
112.9-10.2,planetary,356.936991,51.399184,-10.229700,0.133333,2.000000,V/84/main
113.6-06.9,planetary,356.691027,54.744387,-6.953000,0.052222,0.783333,V/84/main
114.0-04.6,planetary,356.447817,57.066808,-4.670700,0.104444,1.566667,V/84/main
116.2+08.5,planetary,352.963101,70.370446,8.531300,0.043333,0.650000,V/84/main
118.7+08.2,planetary,0.391730,70.711592,8.241000,0.070000,1.050000,V/84/main
118.8-74.7,planetary,11.766027,-11.872724,-74.710000,0.272222,4.083333,V/84/main
119.4+06.5,planetary,3.151398,69.177924,6.567400,0.052222,0.783333,V/84/main
120.0+09.8,planetary,3.254015,72.522065,9.868200,0.053333,0.800000,V/84/main
120.2-05.3,planetary,7.973096,57.375809,-5.395600,0.300000,12.000001,V/84/main
122.1-04.9,planetary,11.400389,57.956453,-4.906500,0.040000,0.600000,V/84/main
124.0+10.7,planetary,16.783607,73.556470,10.719200,0.300000,4.500000,V/84/main
124.3-07.7,planetary,15.224394,55.060638,-7.786000,0.166667,2.500000,V/84/main
125.9-47.0,planetary,14.989530,15.735933,-47.086000,0.300000,4.583333,V/84/main
129.2-02.0,planetary,25.659050,60.168371,-2.072500,0.216667,3.250000,V/84/main
130.9-10.5,planetary,25.589319,51.568465,-10.509900,0.074444,1.116667,V/84/main
136.1+04.9,planetary,44.720578,64.499489,4.941300,0.206667,3.100000,V/84/main
136.3+05.5,planetary,45.953453,64.891130,5.537800,0.300000,8.333334,V/84/main
138.8+02.8,planetary,47.579996,61.317005,2.804500,0.038889,0.583333,V/84/main
141.7-07.8,planetary,43.055897,50.597818,-7.812300,0.141111,2.116667,V/84/main
143.6+23.8,planetary,97.397142,71.067648,23.817800,0.123333,1.850000,V/84/main
144.5+06.5,planetary,61.752947,60.917319,6.550400,0.057778,0.866667,V/84/main
148.4+57.0,planetary,168.693565,55.016650,57.049700,0.188889,2.833333,V/84/main
149.4-09.2,planetary,51.814278,45.405336,-9.276900,0.300000,9.000000,V/84/main
149.7-03.3,planetary,57.274591,50.004163,-3.397600,0.300000,13.000001,V/84/main
153.7+22.8,planetary,100.980156,61.790290,22.831800,0.116667,1.750000,V/84/main
156.9-13.3,planetary,56.361175,37.813309,-13.322900,0.037778,0.566667,V/84/main
158.8+37.1,planetary,130.394067,58.231773,37.177100,0.300000,4.500000,V/84/main
158.9+17.8,planetary,94.892872,55.611843,17.855900,0.300000,20.000002,V/84/main
160.5-00.5,planetary,71.678027,44.466765,-0.540400,0.102222,1.533333,V/84/main
163.1-00.8,planetary,73.631250,42.276863,-0.847700,0.127778,1.916667,V/84/main
164.8+31.1,planetary,119.469050,53.421817,31.183300,0.300000,6.333333,V/84/main
165.5-15.2,planetary,62.321086,30.776239,-15.288000,0.146667,2.200000,V/84/main
167.0-00.9,planetary,76.657808,39.135413,-0.974300,0.066667,1.000000,V/84/main
171.3-25.8,planetary,58.373719,19.464105,-25.852800,0.042222,0.633333,V/84/main
173.7+02.7,planetary,85.218920,35.709668,2.702500,0.033333,0.500000,V/84/main
173.7-05.8,planetary,76.786039,30.834119,-5.863800,0.146667,2.200000,V/84/main
181.5+00.9,planetary,88.201621,28.107315,0.926900,0.072222,1.083333,V/84/main
183.8+05.5,planetary,94.045644,28.368114,5.547000,0.150000,2.250000,V/84/main
189.1+19.8,planetary,111.397035,29.493307,19.846100,0.048889,0.733333,V/84/main
192.5+07.2,planetary,100.040847,21.415769,7.224200,0.084444,1.266667,V/84/main
197.2-14.2,planetary,82.949100,6.935797,-14.229400,0.037778,0.566667,V/84/main
197.4-06.4,planetary,89.853164,10.694624,-6.442200,0.300000,15.416668,V/84/main
197.8-03.3,planetary,92.786545,11.779836,-3.399200,0.036667,0.550000,V/84/main
198.6-06.3,planetary,90.595023,9.650731,-6.311700,0.041111,0.616667,V/84/main
200.7+08.4,planetary,104.985996,14.613038,8.452900,0.074444,1.116667,V/84/main
201.9-04.6,planetary,93.640102,7.575645,-4.659300,0.044444,0.666667,V/84/main
204.0-08.5,planetary,91.194789,3.940806,-8.521300,0.170000,2.550000,V/84/main
204.1+04.7,planetary,103.126772,9.963425,4.760100,0.300000,6.916667,V/84/main
208.5+33.2,planetary,131.726685,17.875773,33.291100,0.141111,2.116667,V/84/main
210.0+03.9,planetary,105.115391,4.345646,3.984300,0.255556,3.833333,V/84/main
211.4+18.4,planetary,118.797084,9.553220,18.461600,0.104444,1.566667,V/84/main
211.9+22.6,planetary,122.811364,10.950591,22.630200,0.188889,2.833333,V/84/main
214.9+07.8,planetary,110.740928,1.760411,7.815800,0.074444,1.116667,V/84/main
215.5-30.8,planetary,75.783509,-15.603626,-30.851700,0.300000,12.666667,V/84/main
215.6+03.6,planetary,107.342056,-0.804814,3.620400,0.057778,0.866667,V/84/main
215.6+11.1,planetary,114.027897,2.704790,11.169400,0.093333,1.400000,V/84/main
216.0-00.2,planetary,104.059633,-2.885576,-0.248500,0.081111,1.216667,V/84/main
217.1+14.7,planetary,117.910515,3.007514,14.756800,0.300000,5.916667,V/84/main
218.9-10.7,planetary,95.905298,-10.223032,-10.776200,0.104444,1.566667,V/84/main
220.3-53.9,planetary,53.314029,-25.870134,-53.930600,0.300000,6.416667,V/84/main
221.5+46.3,planetary,148.252128,13.747532,46.371200,0.300000,12.000001,V/84/main
224.3+15.3,planetary,121.688545,-2.878516,15.306300,0.183333,2.750000,V/84/main
224.9+01.0,planetary,109.358588,-10.177842,1.064400,0.068889,1.033333,V/84/main
228.2-22.1,planetary,88.776789,-22.900271,-22.143100,0.146667,2.200000,V/84/main
229.6-02.7,planetary,108.147706,-16.095386,-2.728600,0.068889,1.033333,V/84/main
231.4+04.3,planetary,115.513949,-14.353345,4.349800,0.033333,0.500000,V/84/main
231.8+04.1,planetary,115.459627,-14.735611,4.116100,0.071111,1.066667,V/84/main
233.0-10.1,planetary,102.671017,-22.435906,-10.179500,0.061111,0.916667,V/84/main
233.5-16.3,planetary,96.759062,-25.381796,-16.314400,0.037778,0.566667,V/84/main
234.3-06.6,planetary,106.738183,-22.037251,-6.620100,0.070000,1.050000,V/84/main
236.0-10.6,planetary,103.620796,-25.353220,-10.635800,0.164444,2.466667,V/84/main
236.7+03.5,planetary,117.549677,-19.302544,3.570600,0.041111,0.616667,V/84/main
238.0+34.8,planetary,144.787597,-2.809017,34.863800,0.300000,4.500000,V/84/main
238.9+07.3,planetary,122.183517,-19.230441,7.347500,0.044444,0.666667,V/84/main
239.6+13.9,planetary,128.347923,-16.148818,13.948600,0.042222,0.633333,V/84/main
244.5+12.5,planetary,130.059328,-20.894769,12.558100,0.300000,6.666667,V/84/main
248.7+29.5,planetary,146.396293,-13.170464,29.539400,0.300000,4.833333,V/84/main
249.3-05.4,planetary,115.828892,-34.753588,-5.498700,0.060000,0.900000,V/84/main
250.3+00.1,planetary,122.255501,-32.670888,0.152000,0.044444,0.666667,V/84/main
252.6+04.4,planetary,127.969175,-32.101965,4.450800,0.047778,0.716667,V/84/main
253.5+10.7,planetary,134.455674,-28.944035,10.799500,0.064444,0.966667,V/84/main
254.6+00.2,planetary,125.236521,-36.229665,0.218400,0.062222,0.933333,V/84/main
255.3-59.6,planetary,44.242902,-44.171992,-59.620200,0.300000,6.216667,V/84/main
257.5+00.6,planetary,127.741547,-38.331163,0.626900,0.067778,1.016667,V/84/main
258.0-15.7,planetary,108.700064,-46.956752,-15.749700,0.091111,1.366667,V/84/main
259.1+00.9,planetary,129.284171,-39.440387,0.928200,0.072222,1.083333,V/84/main
260.7-03.3,planetary,125.918421,-43.212184,-3.333800,0.066667,1.000000,V/84/main
261.9+08.5,planetary,139.002200,-36.625408,8.582900,0.055556,0.833333,V/84/main
263.2+00.4,planetary,132.161332,-42.896047,0.499600,0.188889,2.833333,V/84/main
264.1-08.1,planetary,122.883195,-48.720654,-8.142000,0.050000,0.750000,V/84/main
264.4-03.6,planetary,128.620361,-46.427417,-3.655000,0.066667,1.000000,V/84/main
270.1+24.8,planetary,158.627712,-29.187603,24.835600,0.060000,0.900000,V/84/main
272.1+12.3,planetary,151.757489,-40.436028,12.397700,0.033333,0.500000,V/84/main
272.4-05.9,planetary,133.403155,-54.085655,-5.969500,0.122222,1.833333,V/84/main
273.6+06.1,planetary,148.186721,-46.285947,6.187800,0.100000,1.500000,V/84/main
274.3+09.1,planetary,151.443314,-44.362265,9.110700,0.053333,0.800000,V/84/main
277.1-03.8,planetary,141.764544,-56.105044,-3.829600,0.100000,1.500000,V/84/main
277.7-03.5,planetary,142.863164,-56.294704,-3.546200,0.122222,1.833333,V/84/main
278.5-04.5,planetary,142.733142,-57.616009,-4.558500,0.038889,0.583333,V/84/main
283.6+25.3,planetary,171.685186,-34.370798,25.313900,0.200000,3.000000,V/84/main
283.9+09.7,planetary,163.675275,-48.783468,9.728200,0.300000,5.000000,V/84/main
285.4-01.1,planetary,157.180475,-59.069519,-1.120300,0.100000,1.500000,V/84/main
286.2-06.9,planetary,151.731586,-64.362844,-6.952200,0.066667,1.000000,V/84/main
286.5+11.6,planetary,168.460709,-48.092493,11.654300,0.238889,3.583333,V/84/main
286.8-29.5,planetary,89.258784,-75.672469,-29.576900,0.051111,0.766667,V/84/main
288.7+08.1,planetary,169.540801,-52.168527,8.113500,0.040000,0.600000,V/84/main
288.9-00.8,planetary,163.495703,-60.444930,-0.805400,0.080000,1.200000,V/84/main
291.4+19.2,planetary,178.122693,-42.293196,19.258800,0.035556,0.533333,V/84/main
292.6+01.2,planetary,171.996627,-59.958843,1.238000,0.050000,0.750000,V/84/main
293.6+01.2,planetary,173.802493,-60.281634,1.203900,0.038889,0.583333,V/84/main
293.6+10.9,planetary,178.266006,-50.844899,10.966800,0.091111,1.366667,V/84/main
294.1+14.4,planetary,180.181605,-47.553406,14.450100,0.068889,1.033333,V/84/main
294.1+43.6,planetary,186.129355,-18.785829,43.624600,0.070000,1.050000,V/84/main
294.9-00.6,planetary,175.407864,-62.482408,-0.695100,0.075556,1.133333,V/84/main
296.6-20.0,planetary,152.341906,-80.858451,-20.041600,0.046667,0.700000,V/84/main
298.3-04.8,planetary,181.063765,-67.309793,-4.854800,0.070000,1.050000,V/84/main
299.0+18.4,planetary,187.717001,-44.239432,18.477200,0.046667,0.700000,V/84/main
299.4-04.1,planetary,184.138722,-66.760594,-4.122000,0.080000,1.200000,V/84/main
302.3-01.3,planetary,191.463484,-64.160452,-1.295300,0.083333,1.250000,V/84/main
302.6-00.9,planetary,192.129551,-63.832314,-0.962400,0.053333,0.800000,V/84/main
303.6+40.0,planetary,193.422520,-22.861697,40.007100,0.300000,12.833334,V/84/main
304.2+05.9,planetary,195.172502,-56.891132,5.957800,0.040000,0.600000,V/84/main
305.6-13.1,planetary,203.562128,-75.774586,-13.126600,0.080000,1.200000,V/84/main
307.2-03.4,planetary,203.424767,-65.974665,-3.455500,0.155556,2.333333,V/84/main
308.6-12.2,planetary,213.857603,-74.213921,-12.283300,0.034444,0.516667,V/84/main
309.2+01.3,planetary,205.996506,-60.827828,1.393100,0.075556,1.133333,V/84/main
310.3+24.7,planetary,201.405267,-37.604271,24.772500,0.127778,1.916667,V/84/main
310.4+01.3,planetary,208.347169,-60.564373,1.396900,0.050000,,V/84/main
311.0+02.4,planetary,208.939094,-59.378005,2.476200,0.072222,1.083333,V/84/main
313.8-12.6,planetary,230.291008,-72.235320,-12.627700,0.124444,1.866667,V/84/main
315.0-00.3,planetary,218.326226,-60.829014,-0.372700,0.035556,0.533333,V/84/main
316.3-01.3,planetary,221.589285,-61.229810,-1.379700,0.060000,0.900000,V/84/main
317.1-05.7,planetary,227.666266,-64.671932,-5.712400,0.058889,0.883333,V/84/main
317.8+03.3,planetary,220.398851,-56.251794,3.397400,0.050000,0.750000,V/84/main
318.3-02.0,planetary,226.036564,-60.889194,-2.062400,0.041111,0.616667,V/84/main
318.3-02.5,planetary,226.503426,-61.356752,-2.580400,0.056667,0.850000,V/84/main
318.4+41.4,planetary,205.171869,-19.882358,41.499500,0.300000,6.166667,V/84/main
319.6+15.7,planetary,215.610530,-44.151634,15.739300,0.038889,0.583333,V/84/main
326.7+42.2,planetary,211.108719,-17.226133,42.242800,0.046667,0.700000,V/84/main
329.0+01.9,planetary,237.921904,-51.523123,1.957700,0.080000,1.200000,V/84/main
329.5+01.7,planetary,238.786711,-51.396233,1.713600,0.111111,1.666667,V/84/main
330.2+05.9,planetary,235.555828,-47.679258,5.926100,0.118889,1.783333,V/84/main
331.5-03.9,planetary,247.498194,-54.160183,-3.902900,0.055556,0.833333,V/84/main
332.8-16.4,planetary,267.970849,-60.389004,-16.465800,0.040000,0.600000,V/84/main
333.4-04.0,planetary,249.906268,-52.820404,-4.056800,0.046667,0.700000,V/84/main
335.5+12.4,planetary,235.752814,-39.325005,12.440000,0.200000,3.000000,V/84/main
336.8-07.2,planetary,257.399338,-52.217539,-7.237500,0.042222,0.633333,V/84/main
336.9-11.5,planetary,263.617729,-54.479830,-11.579400,0.066667,1.000000,V/84/main
339.9+88.4,planetary,193.892105,25.891162,88.455900,0.300000,8.750000,V/84/main
340.8+10.8,planetary,242.109755,-37.146727,10.819600,0.087778,1.316667,V/84/main
340.8+12.3,planetary,240.842170,-36.014873,12.341500,0.066667,1.000000,V/84/main
341.2-24.6,planetary,287.438369,-55.577298,-24.601200,0.047778,0.716667,V/84/main
341.6+13.7,planetary,240.337020,-34.543924,13.704300,0.044444,0.666667,V/84/main
342.1+10.8,planetary,243.245129,-36.227390,10.852700,0.077778,1.166667,V/84/main
342.5-14.3,planetary,271.829766,-51.019901,-14.321200,0.039444,0.591667,V/84/main
342.9-04.9,planetary,259.885287,-45.886109,-4.908900,0.038889,0.583333,V/84/main
343.3-00.6,planetary,255.366988,-43.098824,-0.662600,0.133333,2.000000,V/84/main
345.3-10.2,planetary,268.196732,-46.698265,-10.214600,0.061111,0.916667,V/84/main
345.5+15.1,planetary,242.433381,-30.900530,15.131800,0.078889,1.183333,V/84/main
346.9+12.4,planetary,245.822071,-31.749122,12.469200,0.102222,1.533333,V/84/main
348.0+06.3,planetary,252.201580,-35.015899,6.316800,0.050000,,V/84/main
349.3-01.1,planetary,260.566957,-38.482691,-1.115800,0.056667,0.850000,V/84/main
349.3-04.2,planetary,263.916050,-40.199959,-4.223200,0.092222,1.383333,V/84/main
349.5+01.0,planetary,258.434441,-37.101724,1.057200,0.049444,0.741667,V/84/main
351.0-10.4,planetary,272.241336,-41.806835,-10.470500,0.180000,2.700000,V/84/main
353.7-12.8,planetary,276.673086,-40.497551,-12.896500,0.033333,0.500000,V/84/main
356.8-11.7,planetary,276.951353,-37.266699,-11.724400,0.115556,1.733333,V/84/main
357.6+01.0,planetary,263.931861,-30.358037,1.068600,0.033333,0.500000,V/84/main
358.3-02.5,planetary,267.936431,-31.600055,-2.505800,0.050000,,V/84/main
358.5+02.6,planetary,262.945536,-28.699156,2.689900,0.041111,0.616667,V/84/main
358.5-07.3,planetary,273.013304,-33.866822,-7.338700,0.052778,0.791667,V/84/main
358.8+04.1,planetary,261.728754,-27.678048,4.147200,0.077778,1.166667,V/84/main
359.1+15.1,planetary,252.141266,-21.010973,15.123600,0.037778,0.566667,V/84/main
359.2+04.7,planetary,261.434708,-26.963338,4.761200,0.050000,,V/84/main
G000.8-05.7,planetary,272.601667,-31.066667,-5.713200,0.034444,0.516667,V/127A
G000.9-03.3,planetary,270.305833,-29.783333,-3.359800,0.040000,0.600000,V/127A
G001.2-02.6,planetary,269.761667,-29.250278,-2.684600,0.036667,0.550000,V/127A
G001.2-03.8,planetary,270.879583,-29.786389,-3.795200,0.052222,0.783333,V/127A
G001.2-05.6,planetary,272.761250,-30.703333,-5.661400,0.035556,0.533333,V/127A
G001.4+06.3,planetary,261.224167,-24.322500,6.384800,0.065556,0.983333,V/127A
G002.0-03.2,planetary,270.791250,-28.814167,-3.252300,0.034444,0.516667,V/127A
G002.4+01.1,planetary,266.716667,-26.197222,1.187700,0.040000,0.600000,V/127A
G002.4-02.6,planetary,270.438750,-28.160278,-2.661200,0.047778,0.716667,V/127A
G002.5+04.9,planetary,263.242500,-24.145833,4.940900,0.034444,0.516667,V/127A
G002.9-03.0,planetary,271.072083,-27.953333,-3.046600,0.041111,0.616667,V/127A
G002.9-03.3,planetary,271.435000,-28.079444,-3.387800,0.054444,0.816667,V/127A
G003.0-01.7,planetary,269.888333,-27.213889,-1.769200,0.084444,1.266667,V/127A
G003.1-01.6,planetary,269.858750,-27.109444,-1.694400,0.042222,0.633333,V/127A
G003.1-02.1,planetary,270.351667,-27.302500,-2.170900,0.042222,0.633333,V/127A
G003.5+02.6,planetary,265.913750,-24.531389,2.674700,0.036667,0.550000,V/127A
G003.5-02.3,planetary,270.790833,-27.046111,-2.384600,0.035556,0.533333,V/127A
G003.9+06.1,planetary,262.927500,-22.280556,6.192300,0.041111,0.616667,V/127A
G004.0-02.6,planetary,271.247917,-26.754722,-2.597300,0.047778,0.716667,V/127A
G004.3+06.4,planetary,262.969583,-21.825278,6.405200,0.244444,3.666667,V/127A
G004.5+06.0,planetary,263.387500,-21.856389,6.061400,0.033333,0.500000,V/127A
G004.8+05.7,planetary,263.820833,-21.775000,5.765200,0.048889,0.733333,V/127A
G004.8-00.5,planetary,269.770417,-25.030278,-0.590300,0.097778,1.466667,V/127A
G005.4+05.4,planetary,264.423750,-21.440000,5.468600,0.036667,0.550000,V/127A
G005.4-03.4,planetary,272.834583,-25.959722,-3.457500,0.076667,1.150000,V/127A
G005.9-09.8,planetary,279.477500,-28.458611,-9.853500,0.054444,0.816667,V/127A
G006.3+01.7,planetary,268.367917,-22.573056,1.754200,0.080000,1.200000,V/127A
G006.4-03.4,planetary,273.362500,-25.097778,-3.464600,0.035556,0.533333,V/127A
G006.5+08.7,planetary,262.058333,-18.741944,8.788500,0.056667,0.850000,V/127A
G006.5-03.9,planetary,273.849167,-25.230000,-3.915100,0.033333,0.500000,V/127A
G007.3+07.8,planetary,263.316250,-18.604444,7.856100,0.038889,0.583333,V/127A
G007.7+01.2,planetary,269.603750,-21.662778,1.222500,0.177778,2.666667,V/127A
G008.3+09.6,planetary,262.305417,-16.795000,9.635700,0.033333,0.500000,V/127A
G008.7-04.2,planetary,275.287083,-23.402222,-4.213600,0.037778,0.566667,V/127A
G009.1-03.4,planetary,274.745000,-22.660833,-3.425700,0.108889,1.633333,V/127A
G009.5-02.4,planetary,274.035833,-21.872778,-2.475100,0.044444,0.666667,V/127A
G009.8-01.1,planetary,272.912500,-21.012222,-1.145400,0.035556,0.533333,V/127A
G009.9+04.5,planetary,267.698333,-18.058333,4.585600,0.040000,0.600000,V/127A
G009.9-04.3,planetary,276.031250,-22.437222,-4.372000,0.044444,0.666667,V/127A
G010.2+00.3,planetary,271.730417,-19.938333,0.343400,0.067778,1.016667,V/127A
G010.5-04.0,planetary,276.057083,-21.745000,-4.072400,0.045556,0.683333,V/127A
G011.2-02.7,planetary,275.148750,-20.506944,-2.745300,0.047778,0.716667,V/127A
G011.8+03.7,planetary,269.415000,-16.821944,3.790500,0.175556,2.633333,V/127A
G012.2-01.9,planetary,274.842500,-19.270000,-1.909100,0.041111,0.616667,V/127A
G012.9+03.3,planetary,270.392917,-16.040000,3.362300,0.056667,0.850000,V/127A
G013.3+01.1,planetary,272.556667,-16.796944,1.181100,0.137778,2.066667,V/127A
G013.4+08.8,planetary,265.741250,-12.946667,8.809100,0.040000,0.600000,V/127A
G013.4-02.9,planetary,276.397917,-18.662222,-2.924500,0.033889,0.508333,V/127A
G014.7+04.8,planetary,269.945000,-13.838611,4.822500,0.072222,1.083333,V/127A
G015.5-00.0,planetary,274.746667,-15.439167,-0.018600,0.061111,0.916667,V/127A
G016.3-02.3,planetary,277.232500,-15.821667,-2.313200,0.076667,1.150000,V/127A
G016.4-00.9,planetary,276.008750,-15.092500,-0.929900,0.033333,0.500000,V/127A
G016.8+06.9,planetary,269.089167,-10.960000,6.966400,0.039444,0.591667,V/127A
G018.0-02.2,planetary,277.960833,-14.258056,-2.214800,0.066667,1.000000,V/127A
G018.7-01.8,planetary,278.018750,-13.435556,-1.885400,0.045556,0.683333,V/127A
G019.5-04.9,planetary,281.182083,-14.181111,-4.959600,0.061111,0.916667,V/127A
G020.6+01.9,planetary,275.419167,-10.028889,1.953000,0.198889,2.983334,V/127A
G020.9-11.3,planetary,287.768333,-15.768611,-11.373600,0.174444,2.616667,V/127A
G021.2+00.9,planetary,276.608750,-9.890556,0.982000,0.060000,0.900000,V/127A
G022.0+01.3,planetary,276.617917,-8.988889,1.394000,0.056667,0.850000,V/127A
G023.5-00.1,planetary,278.673333,-8.405556,-0.136700,0.034444,0.516667,V/127A
G024.4-03.3,planetary,282.032917,-9.052222,-3.386000,0.058889,0.883333,V/127A
G025.4-09.2,planetary,287.777917,-10.821667,-9.239400,0.033333,0.500000,V/127A
G025.6+01.1,planetary,278.498750,-5.935278,1.155000,0.045556,0.683333,V/127A
G026.1-06.3,planetary,285.477917,-8.920556,-6.365700,0.045556,0.683333,V/127A
G026.2-03.4,planetary,282.880417,-7.541389,-3.449400,0.050000,0.750000,V/127A
G026.8-00.5,planetary,280.574583,-5.653611,-0.550700,0.100000,1.500000,V/127A
G026.9+04.4,planetary,276.170417,-3.333056,4.415000,0.300000,30.000002,V/127A
G026.9-00.7,planetary,280.793333,-5.697500,-0.764300,0.053333,0.800000,V/127A
G027.0+01.5,planetary,278.798333,-4.485000,1.557500,0.045556,0.683333,V/127A
G027.4-00.9,planetary,281.225000,-5.293333,-0.962000,0.034444,0.516667,V/127A
G027.6-00.8,planetary,281.190417,-5.065000,-0.827100,0.038889,0.583333,V/127A
G027.7+05.1,planetary,275.947917,-2.242500,5.116100,0.036667,0.550000,V/127A
G027.7-00.6,planetary,281.067917,-4.881389,-0.634700,0.042222,0.633333,V/127A
G027.8+02.7,planetary,278.130417,-3.295833,2.696100,0.033333,0.500000,V/127A
G027.9-01.4,planetary,281.869583,-5.125278,-1.456700,0.114444,1.716667,V/127A
G028.5-01.4,planetary,282.169583,-4.599444,-1.483200,0.048889,0.733333,V/127A
G028.8-00.2,planetary,281.275000,-3.725833,-0.290700,0.056667,0.850000,V/127A
G029.3-01.2,planetary,282.312083,-3.783333,-1.237900,0.084444,1.266667,V/127A
G029.8+00.5,planetary,280.987083,-2.535556,0.508700,0.067778,1.016667,V/127A
G030.0+00.0,planetary,281.511250,-2.552222,0.035200,0.040000,0.600000,V/127A
G032.2-01.4,planetary,283.820417,-1.282500,-1.439900,0.052222,0.783333,V/127A
G032.5+01.5,planetary,281.252917,0.356389,1.592300,0.036667,0.550000,V/127A
G033.2-04.0,planetary,286.567917,-1.552778,-4.008200,0.175556,2.633333,V/127A
G033.7-02.0a,planetary,285.012917,-0.234444,-2.023400,0.053333,0.800000,V/127A
G033.8+01.5,planetary,281.939167,1.546389,1.524000,0.056667,0.850000,V/127A
G039.8-06.9,planetary,292.214167,2.897778,-6.974500,0.038889,0.583333,V/127A
G209.1-08.2,planetary,93.835000,-0.430278,-8.222700,0.111111,1.666667,V/127A
G212.2-04.7,planetary,98.288750,-1.586667,-4.791000,0.062222,0.933333,V/127A
G212.6-00.0,planetary,102.668750,0.227778,-0.065900,0.075556,1.133333,V/127A
G214.2-02.4,planetary,101.264583,-2.297778,-2.466300,0.061667,0.925000,V/127A
G215.0+07.4,planetary,110.420833,1.558611,7.439000,0.300000,12.000001,V/127A
G216.0+07.4,planetary,110.950417,0.613333,7.477400,0.088889,1.333333,V/127A
G217.2+00.9,planetary,105.642500,-3.409722,0.917700,0.057778,0.866667,V/127A
G219.1-03.9,planetary,102.182500,-7.330833,-3.934300,0.038889,0.583333,V/127A
G221.0-01.4,planetary,105.288750,-7.822500,-1.414700,0.074444,1.116667,V/127A
G221.8-04.2,planetary,103.080833,-9.860000,-4.283700,0.066667,1.000000,V/127A
G222.1+03.9,planetary,110.573750,-6.362778,3.910400,0.300000,19.166668,V/127A
G222.9-01.1,planetary,106.464167,-9.403056,-1.105600,0.094444,1.416667,V/127A
G223.6-06.8,planetary,101.605833,-12.598889,-6.803500,0.044444,0.666667,V/127A
G224.3-03.4,planetary,105.024167,-11.730833,-3.428000,0.054444,0.816667,V/127A
G224.3-05.5,planetary,103.084583,-12.676111,-5.546300,0.207778,3.116667,V/127A
G225.4+00.4,planetary,109.033333,-10.885000,0.451800,0.116111,1.741667,V/127A
G226.4-01.3,planetary,107.930417,-12.634167,-1.316500,0.062778,0.941667,V/127A
G227.1+00.5,planetary,109.944583,-12.379722,0.542200,0.214444,3.216667,V/127A
G228.1+00.8,planetary,110.627500,-13.091667,0.795400,0.049444,0.741667,V/127A
G228.6+01.9,planetary,111.954167,-12.991667,1.980900,0.053889,0.808333,V/127A
G229.0+01.1,planetary,111.432917,-13.784444,1.157900,0.070000,1.050000,V/127A
G229.3+00.0,planetary,110.562083,-14.580278,0.037600,0.103333,1.550000,V/127A
G230.0+00.5,planetary,111.348333,-14.952778,0.531400,0.103333,1.550000,V/127A
G232.1-00.1,planetary,111.784583,-17.120556,-0.130500,0.048889,0.733333,V/127A
G232.6-01.0,planetary,111.180833,-17.964167,-1.037800,0.190000,2.850000,V/127A
G234.7-02.2,planetary,111.054583,-20.363611,-2.277400,0.149444,2.241667,V/127A
G235.7+07.1,planetary,120.246250,-16.593611,7.160600,0.174444,2.616667,V/127A
G236.5+02.0,planetary,115.972917,-19.863611,2.004100,0.300000,6.666667,V/127A
G236.8-00.4,planetary,113.847083,-21.378333,-0.473300,0.066667,1.000000,V/127A
G237.0+00.7,planetary,115.095417,-20.931667,0.760500,0.266667,4.000000,V/127A
G237.9-07.2,planetary,107.883333,-25.523333,-7.246800,0.300000,11.000001,V/127A
G238.5+01.7,planetary,116.828333,-21.780556,1.736700,0.158889,2.383333,V/127A
G242.3-02.4,planetary,114.900000,-27.164444,-2.464500,0.300000,7.500000,V/127A
G242.5-05.9,planetary,111.520000,-28.973056,-5.948600,0.036111,0.541667,V/127A
G242.6-04.4,planetary,113.072500,-28.421667,-4.487800,0.042222,0.633333,V/127A
G244.2+06.2,planetary,124.222083,-24.182222,6.255200,0.103333,1.550000,V/127A
G244.6-00.3,planetary,118.290000,-28.051389,-0.312300,0.081111,1.216667,V/127A
G247.5-04.7,planetary,115.598333,-32.795833,-4.704300,0.200556,3.008333,V/127A
G247.8+04.9,planetary,125.326250,-27.926667,4.987900,0.300000,4.833333,V/127A
G248.5+10.5,planetary,130.832500,-25.241667,10.553100,0.092778,1.391667,V/127A
G249.8+07.1,planetary,128.575417,-28.317500,7.103500,0.177778,2.666667,V/127A
G249.8-02.7,planetary,118.981250,-33.766667,-2.751200,0.111111,1.666667,V/127A
G250.3-05.4,planetary,116.421250,-35.584444,-5.486600,0.062222,0.933333,V/127A
G250.4-01.3,planetary,120.802083,-33.517222,-1.329700,0.081667,1.225000,V/127A
G250.5-03.4,planetary,118.732083,-34.735833,-3.427400,0.066667,1.000000,V/127A
G252.3-01.2,planetary,122.128750,-35.077778,-1.242800,0.050000,0.750000,V/127A
G254.5-02.7,planetary,122.100833,-37.755833,-2.711800,0.216667,3.250000,V/127A
G255.8+10.9,planetary,136.272083,-30.553333,10.967100,0.300000,16.083334,V/127A
G258.4+02.3,planetary,130.124583,-38.023889,2.309300,0.047222,0.708333,V/127A
G258.5-01.3,planetary,126.442917,-40.231111,-1.298800,0.300000,16.783335,V/127A
G261.2-04.6,planetary,124.832083,-44.385278,-4.644400,0.066667,1.000000,V/127A
G265.4+04.2,planetary,137.952083,-42.086111,4.249300,0.033333,0.500000,V/127A
G266.8-04.2,planetary,130.093750,-48.709167,-4.235300,0.050000,0.750000,V/127A
G267.4+01.3,planetary,136.887917,-45.548056,1.334300,0.221111,3.316667,V/127A
G267.5+04.6,planetary,140.382500,-43.368333,4.642900,0.044444,0.666667,V/127A
G267.5-04.4,planetary,130.478750,-49.328889,-4.413500,0.048889,0.733333,V/127A
G268.2+03.1,planetary,139.502917,-44.911944,3.109300,0.050000,0.750000,V/127A
G268.6+05.0,planetary,141.867083,-43.798056,5.090700,0.056667,0.850000,V/127A
G268.9-00.4,planetary,136.415000,-47.893889,-0.484200,0.097778,1.466667,V/127A
G271.6-07.3,planetary,130.822083,-54.341667,-7.308900,0.300000,5.250000,V/127A
G272.8+01.0,planetary,142.169167,-49.612222,1.032400,0.096667,1.450000,V/127A
G273.5+08.7,planetary,150.259167,-44.185278,8.740700,0.067778,1.016667,V/127A
G274.2-09.7,planetary,130.095833,-57.913611,-9.785900,0.300000,5.833333,V/127A
G274.7-05.2,planetary,137.008750,-55.372222,-5.239500,0.046111,0.691667,V/127A
G274.8-05.7,planetary,136.423750,-55.815000,-5.781600,0.055556,0.833333,V/127A
G275.0+01.5,planetary,145.170417,-50.706389,1.519400,0.090000,1.350000,V/127A
G275.1-03.5,planetary,139.610417,-54.526944,-3.573000,0.044444,0.666667,V/127A
G275.3-00.4,planetary,143.571667,-52.388889,-0.397500,0.063333,0.950000,V/127A
G275.6-00.5,planetary,143.755417,-52.655000,-0.518800,0.095556,1.433333,V/127A
G276.1-03.3,planetary,141.062917,-55.106944,-3.390600,0.075556,1.133333,V/127A
G276.2+00.4,planetary,145.505000,-52.345000,0.420000,0.183333,2.750000,V/127A
G276.2-06.6,planetary,136.962500,-57.381389,-6.608300,0.267778,4.016667,V/127A
G277.2-00.8,planetary,145.445833,-53.940833,-0.809100,0.300000,10.033334,V/127A
G278.3-04.3,planetary,142.704167,-57.272500,-4.319000,0.051667,0.775000,V/127A
G279.0+00.6,planetary,149.359583,-53.952500,0.642700,0.041111,0.616667,V/127A
G279.1-03.1,planetary,145.218750,-56.966667,-3.175100,0.071111,1.066667,V/127A
G279.6+02.2,planetary,151.800833,-53.079167,2.211300,0.044444,0.666667,V/127A
G281.3-07.1,planetary,143.263333,-61.355000,-7.102000,0.046667,0.700000,V/127A
G283.4+01.1,planetary,156.140833,-56.008889,1.190000,0.037222,0.558333,V/127A
G283.4+02.8,planetary,157.728750,-54.633056,2.835100,0.152222,2.283334,V/127A
G283.4-01.3,planetary,153.604583,-58.196667,-1.394500,0.290000,4.350000,V/127A
G284.0-03.2,planetary,152.492083,-60.004444,-3.205200,0.054444,0.816667,V/127A
G284.2-05.3,planetary,150.328750,-61.866944,-5.328600,0.087778,1.316667,V/127A
G284.4+07.8,planetary,163.111250,-50.700278,7.848300,0.171111,2.566667,V/127A
G284.5+03.8,planetary,160.195000,-54.299722,3.836800,0.184444,2.766667,V/127A
G285.5-03.3,planetary,154.865000,-60.986111,-3.358200,0.063333,0.950000,V/127A
G285.8-03.5,planetary,155.254583,-61.338611,-3.550700,0.043889,0.658333,V/127A
G286.3-00.7,planetary,159.038333,-59.155556,-0.710600,0.055556,0.833333,V/127A
G286.3-03.1,planetary,156.442917,-61.256389,-3.175100,0.073333,1.100000,V/127A
G286.5+03.1,planetary,162.720417,-55.799722,3.180800,0.080000,1.200000,V/127A
G287.9-04.4,planetary,158.060000,-63.172778,-4.421200,0.200000,3.000000,V/127A
G288.4-01.8,planetary,161.712917,-61.156389,-1.831400,0.062778,0.941667,V/127A
G289.0+03.3,planetary,166.928750,-56.707778,3.336000,0.208889,3.133333,V/127A
G289.6-02.1,planetary,163.651667,-62.004167,-2.176300,0.053333,0.800000,V/127A
G289.8+01.2,planetary,166.918333,-58.953889,1.265200,0.050000,0.750000,V/127A
G289.8+01.3,planetary,166.915833,-58.919444,1.296400,0.076667,1.150000,V/127A
G290.7-01.7,planetary,166.118333,-62.010556,-1.698600,0.074444,1.116667,V/127A
G291.3+03.7,planetary,171.212083,-57.186111,3.730000,0.088889,1.333333,V/127A
G291.3+08.4,planetary,173.660833,-52.725833,8.405500,0.043333,0.650000,V/127A
G291.4+08.5,planetary,174.000000,-52.592500,8.593400,0.225556,3.383333,V/127A
G291.6-00.2,planetary,168.956667,-60.990556,-0.240100,0.115556,1.733333,V/127A
G291.9-04.0,planetary,166.485417,-64.607500,-4.014800,0.058889,0.883333,V/127A
G292.2-00.9,planetary,169.633333,-61.849167,-0.927300,0.300000,5.200000,V/127A
G292.3+00.5,planetary,170.962917,-60.513889,0.546500,0.046667,0.700000,V/127A
G292.4+00.8,planetary,171.425833,-60.243056,0.877500,0.042222,0.633333,V/127A
G292.5+03.9,planetary,173.328750,-57.361944,3.922000,0.231111,3.466667,V/127A
G292.6-00.1,planetary,170.995833,-61.270833,-0.162300,0.052222,0.783333,V/127A
G292.8+00.6,planetary,171.947917,-60.560278,0.660000,0.108889,1.633333,V/127A
G294.2+01.3,planetary,175.153333,-60.369444,1.307300,0.044444,0.666667,V/127A
G295.4-04.0,planetary,174.271250,-65.803056,-4.023600,0.300000,5.366667,V/127A
G295.9-00.4,planetary,177.529167,-62.442222,-0.409900,0.098889,1.483333,V/127A
G296.3+03.1,planetary,180.067917,-59.078889,3.141400,0.108889,1.633333,V/127A
G297.0-04.9,planetary,177.615000,-67.082500,-4.911700,0.065556,0.983333,V/127A
G297.8+05.5,planetary,183.579167,-56.935556,5.570200,0.055556,0.833333,V/127A
G298.6-01.5,planetary,183.116667,-64.119722,-1.569100,0.034444,0.516667,V/127A
G298.7-07.5,planetary,180.731250,-70.015833,-7.536300,0.300000,5.283334,V/127A
G299.0+03.5,planetary,185.252917,-59.125833,3.515200,0.057778,0.866667,V/127A
G299.1-00.1,planetary,184.503750,-62.760556,-0.136600,0.046667,0.700000,V/127A
G299.3-02.0,planetary,184.471250,-64.724167,-2.085500,0.048889,0.733333,V/127A
G299.5+02.3,planetary,186.059583,-60.392500,2.301900,0.084444,1.266667,V/127A
G299.7+00.1,planetary,185.991667,-62.605833,0.097600,0.053333,0.800000,V/127A
G302.1+00.3,planetary,191.118750,-62.521944,0.338900,0.300000,5.000000,V/127A
G302.3-00.5,planetary,191.610417,-63.407778,-0.541500,0.034444,0.516667,V/127A
G302.7-00.9,planetary,192.518333,-63.781111,-0.909800,0.092222,1.383333,V/127A
G302.8-04.7,planetary,192.602083,-67.611667,-4.740100,0.126667,1.900000,V/127A
G303.1+01.3,planetary,193.243333,-61.501667,1.369500,0.100000,1.500000,V/127A
G303.3+00.0,planetary,193.825000,-62.851111,0.017300,0.205556,3.083333,V/127A
G304.1+06.4,planetary,195.088750,-56.361111,6.489100,0.047778,0.716667,V/127A
G304.5+02.4,planetary,196.055417,-60.415833,2.416700,0.070000,1.050000,V/127A
G304.7-02.1,planetary,197.257083,-64.955000,-2.146800,0.083333,1.250000,V/127A
G305.1-03.8,planetary,198.337500,-66.663056,-3.883800,0.048889,0.733333,V/127A
G306.4-01.6,planetary,201.048750,-64.303056,-1.656900,0.095556,1.433333,V/127A
G306.7+06.6,planetary,199.577917,-56.020000,6.654700,0.172222,2.583333,V/127A
G307.0-06.6,planetary,204.309167,-69.137222,-6.629200,0.046667,0.700000,V/127A
G307.1+01.5,planetary,201.590417,-61.052222,1.533400,0.036667,0.550000,V/127A
G307.3+02.0,planetary,201.808333,-60.536111,2.030100,0.200000,3.000000,V/127A
G307.7-01.3,planetary,203.787917,-63.815833,-1.352200,0.163333,2.450000,V/127A
G307.7-03.1,planetary,204.469583,-65.590278,-3.150300,0.190000,2.850000,V/127A
G308.2+03.5,planetary,203.058333,-58.860556,3.593600,0.037778,0.566667,V/127A
G308.3+02.1,planetary,203.762500,-60.262778,2.152000,0.036667,0.550000,V/127A
G309.5+00.8,planetary,206.659167,-61.274167,0.890000,0.076667,1.150000,V/127A
G311.4-03.4,planetary,213.328750,-64.903056,-3.398500,0.034444,0.516667,V/127A
G311.5-01.2,planetary,212.099583,-62.835000,-1.263700,0.108889,1.633333,V/127A
G311.7+07.3,planetary,207.943333,-54.495000,7.346700,0.040000,0.600000,V/127A
G311.7-00.9,planetary,212.197083,-62.499444,-0.956100,0.091111,1.366667,V/127A
G312.1+00.3,planetary,212.215417,-61.107500,0.371400,0.300000,5.116667,V/127A
G312.6+05.9,planetary,210.233333,-55.616111,5.933000,0.300000,6.000000,V/127A
G313.5+02.2,planetary,213.670417,-58.951111,2.202200,0.086667,1.300000,V/127A
G313.9+01.4,planetary,215.027083,-59.565000,1.395700,0.034444,0.516667,V/127A
G313.9+02.8,planetary,214.156667,-58.158333,2.872100,0.037778,0.566667,V/127A
G314.3-03.4,planetary,219.449583,-63.933889,-3.434000,0.042222,0.633333,V/127A
G314.5-01.0,planetary,218.020833,-61.645000,-1.071400,0.200000,3.000000,V/127A
G314.6-00.1,planetary,217.470000,-60.732500,-0.125900,0.185556,2.783334,V/127A
G314.9+00.5,planetary,217.432917,-60.054722,0.510500,0.156667,2.350000,V/127A
G315.4-08.4,planetary,227.608750,-67.915000,-8.487000,0.300000,5.166667,V/127A
G315.8-05.5,planetary,224.825417,-65.186944,-5.568300,0.041111,0.616667,V/127A
G315.9+00.3,planetary,219.471667,-59.823611,0.331200,0.114444,1.716667,V/127A
G315.9+08.2,planetary,214.383750,-52.439167,8.235500,0.116667,1.750000,V/127A
G316.3+08.8,planetary,214.607500,-51.744167,8.845500,0.300000,6.733334,V/127A
G316.3-01.6,planetary,221.907500,-61.456389,-1.649900,0.034444,0.516667,V/127A
G316.9+04.1,planetary,218.361250,-55.955556,4.121600,0.057778,0.866667,V/127A
G316.9-02.2,planetary,223.514167,-61.775000,-2.274000,0.082222,1.233333,V/127A
G317.2+08.6,planetary,216.135833,-51.644444,8.612600,0.133333,2.000000,V/127A
G317.3-03.8,planetary,225.994583,-62.961944,-3.862600,0.093333,1.400000,V/127A
G317.5+00.8,planetary,221.924167,-58.644722,0.881900,0.072222,1.083333,V/127A
G318.2+02.3,planetary,221.791667,-57.062500,2.339600,0.055556,0.833333,V/127A
G318.5+03.6,planetary,221.376667,-55.747500,3.626200,0.097778,1.466667,V/127A
G318.7+05.6,planetary,220.177083,-53.836667,5.651100,0.035556,0.533333,V/127A
G318.9+00.7,planetary,224.398750,-58.202500,0.695100,0.034444,0.516667,V/127A
G319.8+04.3,planetary,222.906667,-54.540556,4.330500,0.048889,0.733333,V/127A
G321.1-02.7,planetary,231.480833,-60.041111,-2.741000,0.033333,0.500000,V/127A
G321.1-05.1,planetary,234.456250,-61.986111,-5.160800,0.184444,2.766667,V/127A
G321.2-03.4,planetary,232.452500,-60.581111,-3.458100,0.038889,0.583333,V/127A
G321.3-00.3,planetary,229.380000,-57.852778,-0.315200,0.124444,1.866667,V/127A
G322.9-02.1,planetary,233.688333,-58.497222,-2.114000,0.133333,2.000000,V/127A
G323.6-03.8,planetary,236.860833,-59.496111,-3.894300,0.177778,2.666667,V/127A
G324.3+01.1,planetary,232.374167,-54.982778,1.177000,0.126667,1.900000,V/127A
G324.4+03.8,planetary,230.114583,-52.723611,3.796000,0.058889,0.883333,V/127A
G325.3-02.9,planetary,238.296667,-57.636389,-2.915800,0.147778,2.216667,V/127A
G325.9-01.7,planetary,237.828750,-56.355556,-1.762200,0.071111,1.066667,V/127A
G326.0-02.4,planetary,238.712083,-56.865278,-2.464600,0.074444,1.116667,V/127A
G326.4+01.5,planetary,234.955833,-53.423611,1.566500,0.200000,3.000000,V/127A
G328.0+01.8,planetary,236.790000,-52.245556,1.829300,0.117778,1.766667,V/127A
G328.3+00.7,planetary,238.236667,-52.903333,0.766100,0.034444,0.516667,V/127A
G328.5+06.0,planetary,233.391667,-48.573333,6.065600,0.180000,2.700000,V/127A
G328.5+06.2,planetary,233.258333,-48.411944,6.248300,0.222222,3.333333,V/127A
G328.8-01.1,planetary,240.922500,-54.034444,-1.131100,0.044444,0.666667,V/127A
G329.4-03.5,planetary,244.590417,-55.411389,-3.581700,0.040000,0.600000,V/127A
G329.7+01.4,planetary,239.280833,-51.466944,1.461500,0.065556,0.983333,V/127A
G330.7+02.7,planetary,239.137500,-49.931944,2.693800,0.300000,12.833334,V/127A
G332.1-05.8,planetary,250.732500,-55.031111,-5.877500,0.051111,0.766667,V/127A
G332.3+07.0,planetary,236.934167,-45.550278,7.021900,0.136667,2.050000,V/127A
G332.5-02.2,planetary,246.600833,-52.282778,-2.217200,0.108889,1.633333,V/127A
G332.5-05.6,planetary,250.882083,-54.543333,-5.624900,0.104444,1.566667,V/127A
G333.8-11.2,planetary,260.287500,-56.906944,-11.273600,0.300000,6.683334,V/127A
G333.9+00.6,planetary,244.917083,-49.233333,0.686200,0.040000,0.600000,V/127A
G334.0+00.7,planetary,244.958750,-49.114444,0.751800,0.053333,0.800000,V/127A
G334.3-13.4,planetary,264.138333,-57.605833,-13.414200,0.062222,0.933333,V/127A
G334.8-07.9,planetary,256.412500,-54.255278,-7.963200,0.300000,14.333334,V/127A
G334.9-12.8,planetary,263.746250,-56.823333,-12.837400,0.040000,0.600000,V/127A
G337.0+08.4,planetary,240.584167,-41.453056,8.444600,0.180000,2.700000,V/127A
G337.4+00.3,planetary,248.966250,-46.902778,0.351400,0.085556,1.283333,V/127A
G337.4+02.6,planetary,246.462083,-45.377500,2.660100,0.300000,5.500000,V/127A
G337.8-04.1,planetary,254.498333,-49.557500,-4.174000,0.075556,1.133333,V/127A
G337.9+01.4,planetary,248.237500,-45.826389,1.450400,0.068889,1.033333,V/127A
G338.0+02.4,planetary,247.270833,-45.095833,2.444800,0.074444,1.116667,V/127A
G338.1-04.8,planetary,255.675000,-49.722500,-4.877100,0.052222,0.783333,V/127A
G338.9+04.6,planetary,246.000417,-42.879444,4.641800,0.052222,0.783333,V/127A
G339.1+00.9,planetary,249.842917,-45.276389,0.989200,0.042222,0.633333,V/127A
G339.4-03.7,planetary,255.455000,-48.063889,-3.752300,0.042222,0.633333,V/127A
G339.4-09.5,planetary,262.828333,-51.367500,-9.548100,0.033333,0.500000,V/127A
G339.9+00.5,planetary,251.150833,-44.923056,0.528100,0.037778,0.566667,V/127A
G340.4-07.6,planetary,261.144583,-49.514722,-7.644100,0.048889,0.733333,V/127A
G340.8+00.8,planetary,251.615000,-44.040278,0.851400,0.078889,1.183333,V/127A
G340.9+03.7,planetary,248.707083,-42.061944,3.753300,0.036667,0.550000,V/127A
G342.0-01.7,planetary,255.517917,-44.722222,-1.743400,0.100000,1.500000,V/127A
G342.5-05.4,planetary,260.147083,-46.555000,-5.437500,0.037778,0.566667,V/127A
G343.6+01.1,planetary,253.712500,-41.730556,1.144600,0.072222,1.083333,V/127A
G346.4+09.3,planetary,248.187500,-34.261944,9.307300,0.038889,0.583333,V/127A
G347.0+00.3,planetary,257.295000,-39.518333,0.350300,0.056667,0.850000,V/127A
G347.3+05.0,planetary,252.862500,-36.361389,5.047200,0.036667,0.550000,V/127A
G347.4-11.4,planetary,271.133333,-45.474167,-11.434700,0.300000,7.000000,V/127A
G348.3-01.3,planetary,260.060000,-39.463333,-1.350000,0.144444,2.166667,V/127A
G348.7+01.3,planetary,257.551250,-37.547500,1.361500,0.077778,1.166667,V/127A
G349.1-01.7,planetary,261.127917,-38.995556,-1.766500,0.168889,2.533334,V/127A
G349.5+02.0,planetary,257.388333,-36.491944,2.093300,0.116667,1.750000,V/127A
G349.6+03.1,planetary,256.507917,-35.743611,3.110800,0.060000,0.900000,V/127A
G350.1-04.8,planetary,265.100000,-39.830000,-4.795000,0.072222,1.083333,V/127A
G350.9+07.8,planetary,252.944583,-31.805833,7.867200,0.178889,2.683333,V/127A
G350.9-02.9,planetary,263.583333,-38.151667,-2.902700,0.092222,1.383333,V/127A
G351.0+05.8,planetary,254.857500,-32.976111,5.874400,0.058889,0.883333,V/127A
G351.1-03.9,planetary,264.821667,-38.495556,-3.907400,0.060000,0.900000,V/127A
G351.2+04.5,planetary,256.197083,-33.631667,4.586900,0.077778,1.166667,V/127A
G352.0+05.7,planetary,255.679583,-32.319167,5.725900,0.056667,0.850000,V/127A
G352.2-04.3,planetary,265.954167,-37.830278,-4.316000,0.041111,0.616667,V/127A
G353.8-03.7,planetary,266.384167,-36.165833,-3.745200,0.046667,0.700000,V/127A
G353.9+02.0,planetary,260.557083,-32.853056,2.083900,0.040000,0.600000,V/127A
G354.0+04.7,planetary,258.042083,-31.244444,4.752900,0.052222,0.783333,V/127A
G354.0-00.8,planetary,263.557083,-34.433333,-0.870500,0.036667,0.550000,V/127A
G354.3+00.5,planetary,262.311250,-33.361389,0.581800,0.037778,0.566667,V/127A
G354.3-07.5,planetary,270.863333,-37.647778,-7.588300,0.052222,0.783333,V/127A
G354.5+04.8,planetary,258.224583,-30.831111,4.867700,0.033333,0.500000,V/127A
G354.5-02.3,planetary,265.401250,-34.790000,-2.343600,0.041111,0.616667,V/127A
G354.5-03.9,planetary,267.067917,-35.641944,-3.949700,0.062222,0.933333,V/127A
G354.8+01.6,planetary,261.607500,-32.363889,1.627300,0.050000,0.750000,V/127A
G354.8-00.5,planetary,263.761250,-33.557778,-0.538400,0.046667,0.700000,V/127A
G355.3+05.2,planetary,258.395417,-29.960833,5.255100,0.040000,0.600000,V/127A
G355.6+04.1,planetary,259.655000,-30.323611,4.156100,0.045556,0.683333,V/127A
G355.6-02.3,planetary,266.116250,-33.922222,-2.390900,0.063333,0.950000,V/127A
G356.6-01.9,planetary,266.290833,-32.771389,-1.915200,0.061111,0.916667,V/127A
G356.8+05.1,planetary,259.452917,-28.765833,5.191600,0.051111,0.766667,V/127A
G357.0-04.4,planetary,269.164583,-33.708611,-4.460800,0.035556,0.533333,V/127A
G357.1+10.7,planetary,254.589167,-25.262222,10.755400,0.300000,5.033334,V/127A
G357.8-03.3,planetary,268.483333,-32.480556,-3.351600,0.036667,0.550000,V/127A
G358.3+05.5,planetary,260.128333,-27.327778,5.519500,0.043333,0.650000,V/127A
G358.6+02.0,planetary,263.621667,-29.034444,2.010600,0.066667,1.000000,V/127A
G358.6-03.6,planetary,269.182083,-31.959167,-3.601400,0.054444,0.816667,V/127A
G359.5-01.8,planetary,267.934167,-30.213056,-1.797800,0.045556,0.683333,V/127A
G359.7-05.7,planetary,272.049167,-32.024444,-5.755100,0.205556,3.083333,V/127A
1,reflection,1.762500,65.643890,3.165900,0.500000,,J/A+A/399/141/table1
10,reflection,9.025000,66.291670,3.465900,0.500000,,J/A+A/399/141/table1
100,reflection,81.783330,38.520560,1.924600,0.500000,,J/A+A/399/141/table1
1000,reflection,92.860700,-6.145700,-11.680500,0.066667,2.000000,VII/9
1008,reflection,91.092800,-9.753900,-14.840000,0.100000,3.000000,VII/9
101,reflection,82.295830,23.695000,-5.912400,0.500000,,J/A+A/399/141/table1
1015,reflection,97.593800,-9.635300,-9.023900,0.166667,5.000000,VII/9
1017,reflection,96.339100,-10.562600,-10.540900,0.166667,5.000000,VII/9
1019,reflection,89.570400,-14.163200,-18.055000,0.100000,3.000000,VII/9
102,reflection,82.508330,33.402220,-0.422000,0.500000,,J/A+A/399/141/table1
1021,reflection,104.854200,-7.736600,-1.758600,0.066667,2.000000,VII/9
103,reflection,82.741670,4.669170,-15.544000,0.500000,,J/A+A/399/141/table1
104,reflection,82.866670,12.153060,-11.623200,0.500000,,J/A+A/399/141/table1
1042,reflection,106.312000,-16.410200,-4.439600,0.233333,7.000000,VII/9
105,reflection,82.825000,-5.703890,-20.408200,0.500000,,J/A+A/399/141/table1
1058,reflection,110.024300,-23.994100,-4.819200,0.333333,10.000000,VII/9
106,reflection,83.033330,6.046390,-14.604500,0.500000,,J/A+A/399/141/table1
1062,reflection,114.020600,-25.278800,-2.231600,0.333333,10.000000,VII/9
107,reflection,83.058330,-4.519170,-19.662600,0.500000,,J/A+A/399/141/table1
108,reflection,83.229170,12.889440,-10.937700,0.500000,,J/A+A/399/141/table1
109,reflection,83.341670,-0.615000,-17.591100,0.500000,,J/A+A/399/141/table1
1093,reflection,239.006200,-25.978300,20.766500,1.500000,90.000000,VII/9
1094,reflection,240.010000,-26.474100,19.786400,1.500000,50.000000,VII/9
1095,reflection,240.005700,-25.640800,20.388400,1.500000,60.000000,VII/9
11,reflection,9.216670,63.491390,0.665600,0.500000,,J/A+A/399/141/table1
110,reflection,83.408330,-0.411110,-17.435600,0.500000,,J/A+A/399/141/table1
1104,reflection,245.261300,-25.618200,17.005600,1.500000,60.000000,VII/9
1109,reflection,246.506200,-24.446000,16.951100,0.666667,20.000000,VII/9
111,reflection,84.170830,31.853890,-0.090500,0.500000,,J/A+A/399/141/table1
111,reflection,303.396600,-1.348100,-18.836100,0.666667,20.000000,VII/9
1110,reflection,247.760900,-25.107100,15.658300,1.000000,30.000000,VII/9
1111,reflection,246.500900,-23.446000,17.615400,1.500000,60.000000,VII/9
1113,reflection,243.227200,-19.293600,22.652600,1.500000,60.000000,VII/9
1115,reflection,245.232800,-20.118200,20.692900,0.666667,20.000000,VII/9
112,reflection,84.129170,-0.293330,-16.745300,0.500000,,J/A+A/399/141/table1
113,reflection,84.091670,-6.450830,-19.618500,0.500000,,J/A+A/399/141/table1
114,reflection,84.104170,-6.711940,-19.723900,0.500000,,J/A+A/399/141/table1
115,reflection,84.187500,-0.393610,-16.741600,0.500000,,J/A+A/399/141/table1
116,reflection,84.241670,-0.369720,-16.682500,0.500000,,J/A+A/399/141/table1
117,reflection,84.450000,31.988060,0.181500,0.500000,,J/A+A/399/141/table1
118,reflection,84.525000,-0.184440,-16.345200,0.500000,,J/A+A/399/141/table1
119,reflection,84.695830,30.701670,-0.328900,0.500000,,J/A+A/399/141/table1
12,reflection,10.825000,61.911110,-0.945500,0.500000,,J/A+A/399/141/table1
120,reflection,84.533330,-1.752500,-17.076600,0.500000,,J/A+A/399/141/table1
121,reflection,84.575000,-7.040560,-19.451300,0.500000,,J/A+A/399/141/table1
122,reflection,84.604170,-7.080560,-19.443100,0.500000,,J/A+A/399/141/table1
123,reflection,84.812500,23.323060,-4.166500,0.500000,,J/A+A/399/141/table1
124,reflection,84.675000,-7.212220,-19.438500,0.500000,,J/A+A/399/141/table1
125,reflection,84.879170,26.373890,-2.497400,0.500000,,J/A+A/399/141/table1
126,reflection,84.970830,36.336390,2.863900,0.500000,,J/A+A/399/141/table1
127,reflection,84.800000,4.121670,-14.029000,0.500000,,J/A+A/399/141/table1
127,reflection,296.846940,18.534314,-3.383400,1.000000,56.000000,VII/21
128,reflection,84.850000,-0.602780,-16.256800,0.500000,,J/A+A/399/141/table1
129,reflection,85.145830,23.870560,-3.617800,0.500000,,J/A+A/399/141/table1
13,reflection,11.237500,55.781390,-7.078800,0.500000,,J/A+A/399/141/table1
130,reflection,85.054170,-1.463060,-16.481000,0.500000,,J/A+A/399/141/table1
131,reflection,85.112500,-0.501390,-15.977600,0.500000,,J/A+A/399/141/table1
132,reflection,85.200000,-8.099720,-19.362200,0.500000,,J/A+A/399/141/table1
133,reflection,85.237500,-1.508610,-16.340300,0.500000,,J/A+A/399/141/table1
133,reflection,291.282000,22.766500,3.224800,0.166667,5.000000,VII/9
134,reflection,85.362500,-10.311390,-20.174400,0.500000,,J/A+A/399/141/table1
135,reflection,85.408330,-2.258610,-16.538700,0.500000,,J/A+A/399/141/table1
136,reflection,85.587500,22.613330,-3.933500,0.500000,,J/A+A/399/141/table1
137,reflection,85.454170,-8.008610,-19.096100,0.500000,,J/A+A/399/141/table1
138,reflection,85.475000,-6.253330,-18.300400,0.500000,,J/A+A/399/141/table1
139,reflection,85.587500,-8.133330,-19.032100,0.500000,,J/A+A/399/141/table1
14,reflection,12.354170,50.748060,-12.122400,0.500000,,J/A+A/399/141/table1
140,reflection,85.658330,-8.118610,-18.962600,0.500000,,J/A+A/399/141/table1
141,reflection,85.754170,-2.313060,-16.257900,0.500000,,J/A+A/399/141/table1
142,reflection,85.929170,16.358330,-6.906800,0.500000,,J/A+A/399/141/table1
143,reflection,86.112500,-8.710830,-18.817000,0.500000,,J/A+A/399/141/table1
144,reflection,86.341670,9.068890,-10.253300,0.500000,,J/A+A/399/141/table1
145,reflection,86.595830,35.224440,3.404900,0.500000,,J/A+A/399/141/table1
146,reflection,86.566670,26.510000,-1.140300,0.500000,,J/A+A/399/141/table1
147,reflection,86.533330,-0.198890,-14.581800,0.500000,,J/A+A/399/141/table1
148,reflection,86.575000,0.005280,-14.448900,0.500000,,J/A+A/399/141/table1
149,reflection,86.633330,0.132220,-14.337700,0.500000,,J/A+A/399/141/table1
15,reflection,14.175000,60.717220,-2.147900,0.500000,,J/A+A/399/141/table1
150,reflection,86.800000,30.603330,1.159100,0.500000,,J/A+A/399/141/table1
151,reflection,86.687500,0.061940,-14.323000,0.500000,,J/A+A/399/141/table1
152,reflection,86.770830,0.639720,-13.976900,0.500000,,J/A+A/399/141/table1
153,reflection,86.783330,0.298060,-14.127200,0.500000,,J/A+A/399/141/table1
153,reflection,301.258000,29.176700,-1.316000,0.100000,3.000000,VII/9
154,reflection,87.825000,25.759440,-0.558900,0.500000,,J/A+A/399/141/table1
155,reflection,87.720830,3.125280,-11.959500,0.500000,,J/A+A/399/141/table1
156,reflection,88.154170,5.162780,-10.601200,0.500000,,J/A+A/399/141/table1
157,reflection,88.429170,9.361390,-8.317700,0.500000,,J/A+A/399/141/table1
158,reflection,88.425000,-10.400000,-17.488800,0.500000,,J/A+A/399/141/table1
159,reflection,88.516670,1.673610,-11.950100,0.500000,,J/A+A/399/141/table1
16,reflection,14.537500,56.505830,-6.353800,0.500000,,J/A+A/399/141/table1
160,reflection,89.075000,1.865000,-11.367800,0.500000,,J/A+A/399/141/table1
161,reflection,89.554170,16.555280,-3.807400,0.500000,,J/A+A/399/141/table1
162,reflection,89.458330,-14.098330,-18.127300,0.500000,,J/A+A/399/141/table1
163,reflection,89.475000,-14.060280,-18.096800,0.500000,,J/A+A/399/141/table1
164,reflection,90.083330,31.941390,4.256700,0.500000,,J/A+A/399/141/table1
165,reflection,90.504170,16.515560,-3.035300,0.500000,,J/A+A/399/141/table1
166,reflection,90.562500,-9.114170,-15.033500,0.500000,,J/A+A/399/141/table1
167,reflection,90.995830,30.256390,4.112400,0.500000,,J/A+A/399/141/table1
168,reflection,91.041670,31.492780,4.748300,0.500000,,J/A+A/399/141/table1
169,reflection,90.875000,-9.732220,-15.024100,0.500000,,J/A+A/399/141/table1
17,reflection,16.687500,59.675830,-3.138400,0.500000,,J/A+A/399/141/table1
17,reflection,52.332406,31.415846,-20.402600,0.333333,8.000000,VII/21
170,reflection,91.141670,30.505280,4.343500,0.500000,,J/A+A/399/141/table1
171,reflection,91.466670,-15.653610,-16.996700,0.500000,,J/A+A/399/141/table1
172,reflection,91.954170,18.657220,-0.782300,0.500000,,J/A+A/399/141/table1
173,reflection,91.879170,-6.399720,-12.667200,0.500000,,J/A+A/399/141/table1
174,reflection,92.016670,-6.228060,-12.468300,0.500000,,J/A+A/399/141/table1
175,reflection,92.020830,-6.361670,-12.524200,0.500000,,J/A+A/399/141/table1
176,reflection,92.225000,21.639720,0.887400,0.500000,,J/A+A/399/141/table1
177,reflection,92.095830,-6.548610,-12.540600,0.500000,,J/A+A/399/141/table1
178,reflection,92.108330,-5.340560,-11.990100,0.500000,,J/A+A/399/141/table1
179,reflection,92.379170,-6.325560,-12.189200,0.500000,,J/A+A/399/141/table1
18,reflection,20.779170,61.864440,-0.777900,0.500000,,J/A+A/399/141/table1
180,reflection,92.504170,14.074440,-2.538300,0.500000,,J/A+A/399/141/table1
181,reflection,92.695830,-6.214170,-11.857800,0.500000,,J/A+A/399/141/table1
182,reflection,92.775000,-6.211390,-11.786100,0.500000,,J/A+A/399/141/table1
183,reflection,92.954170,-6.151670,-11.600000,0.500000,,J/A+A/399/141/table1
184,reflection,93.600000,17.743890,0.147500,0.500000,,J/A+A/399/141/table1
185,reflection,93.691670,19.008330,0.827900,0.500000,,J/A+A/399/141/table1
186,reflection,93.691670,-6.340830,-11.028200,0.500000,,J/A+A/399/141/table1
187,reflection,93.720830,-6.379440,-11.019400,0.500000,,J/A+A/399/141/table1
188,reflection,94.195830,-9.025000,-11.766900,0.500000,,J/A+A/399/141/table1
189,reflection,94.645830,23.313330,3.651800,0.500000,,J/A+A/399/141/table1
19,reflection,25.929170,61.834170,-0.414000,0.500000,,J/A+A/399/141/table1
190,reflection,94.841670,23.274170,3.792200,0.500000,,J/A+A/399/141/table1
191,reflection,95.983330,14.507780,0.634500,0.500000,,J/A+A/399/141/table1
192,reflection,96.304170,-10.568890,-10.574600,0.500000,,J/A+A/399/141/table1
193,reflection,96.829170,-10.156940,-9.929900,0.500000,,J/A+A/399/141/table1
194,reflection,97.700000,10.062220,0.049500,0.500000,,J/A+A/399/141/table1
195,reflection,97.741670,9.809440,-0.031100,0.500000,,J/A+A/399/141/table1
196,reflection,97.775000,10.459170,0.298700,0.500000,,J/A+A/399/141/table1
197,reflection,97.770830,9.892500,0.032800,0.500000,,J/A+A/399/141/table1
198,reflection,97.708330,-9.652780,-8.930300,0.500000,,J/A+A/399/141/table1
199,reflection,97.812500,9.791390,0.022400,0.500000,,J/A+A/399/141/table1
20,reflection,27.370830,55.568610,-6.376700,0.500000,,J/A+A/399/141/table1
200,reflection,97.820830,10.375830,0.300100,0.500000,,J/A+A/399/141/table1
201,reflection,97.933330,10.338890,0.381100,0.500000,,J/A+A/399/141/table1
202,reflection,98.179170,10.160000,0.513000,0.500000,,J/A+A/399/141/table1
203,reflection,98.225000,7.332780,-0.752000,0.500000,,J/A+A/399/141/table1
204,reflection,98.270830,10.321390,0.667500,0.500000,,J/A+A/399/141/table1
205,reflection,98.362500,12.058060,1.548000,0.500000,,J/A+A/399/141/table1
206,reflection,98.787500,3.861940,-1.853400,0.500000,,J/A+A/399/141/table1
207,reflection,99.179170,5.590560,-0.712500,0.500000,,J/A+A/399/141/table1
208,reflection,99.325000,5.968330,-0.410100,0.500000,,J/A+A/399/141/table1
209,reflection,99.483330,2.265560,-1.968200,0.500000,,J/A+A/399/141/table1
21,reflection,34.129170,55.383060,-5.502600,0.500000,,J/A+A/399/141/table1
210,reflection,99.791670,8.736390,1.271000,0.500000,,J/A+A/399/141/table1
211,reflection,99.987500,11.680560,2.788400,0.500000,,J/A+A/399/141/table1
212,reflection,99.937500,-27.248610,-14.424700,0.500000,,J/A+A/399/141/table1
213,reflection,100.025000,-27.398060,-14.412700,0.500000,,J/A+A/399/141/table1
214,reflection,101.216670,2.967220,-0.107500,0.500000,,J/A+A/399/141/table1
215,reflection,101.537500,-7.113330,-4.407000,0.500000,,J/A+A/399/141/table1
216,reflection,101.708330,1.276110,-0.442400,0.500000,,J/A+A/399/141/table1
217,reflection,101.712500,1.316390,-0.420300,0.500000,,J/A+A/399/141/table1
218,reflection,102.495830,-7.648890,-3.801000,0.500000,,J/A+A/399/141/table1
219,reflection,102.508330,-5.202220,-2.681100,0.500000,,J/A+A/399/141/table1
22,reflection,37.070830,72.625830,11.116000,0.500000,,J/A+A/399/141/table1
220,reflection,102.512500,-5.362220,-2.750000,0.500000,,J/A+A/399/141/table1
221,reflection,103.916670,-3.165000,-0.503100,0.500000,,J/A+A/399/141/table1
222,reflection,104.283330,-10.281110,-3.418200,0.500000,,J/A+A/399/141/table1
223,reflection,104.295830,-8.175000,-2.450600,0.500000,,J/A+A/399/141/table1
225,reflection,104.308330,-8.332780,-2.511300,0.500000,,J/A+A/399/141/table1
226,reflection,104.483330,17.829440,9.417300,0.500000,,J/A+A/399/141/table1
227,reflection,104.500000,-8.776110,-2.544200,0.500000,,J/A+A/399/141/table1
228,reflection,104.512500,-7.945280,-2.155000,0.500000,,J/A+A/399/141/table1
229,reflection,104.816670,-3.994170,-0.082500,0.500000,,J/A+A/399/141/table1
23,reflection,37.262500,72.993610,11.478300,0.500000,,J/A+A/399/141/table1
230,reflection,104.812500,-11.990560,-3.730400,0.500000,,J/A+A/399/141/table1
231,reflection,104.920830,-7.776110,-1.717800,0.500000,,J/A+A/399/141/table1
232,reflection,105.120830,-8.867780,-2.039900,0.500000,,J/A+A/399/141/table1
233,reflection,105.458330,-11.301670,-2.853900,0.500000,,J/A+A/399/141/table1
234,reflection,105.550000,-3.273330,0.898000,0.500000,,J/A+A/399/141/table1
235,reflection,105.662500,-12.235000,-3.101200,0.500000,,J/A+A/399/141/table1
236,reflection,105.679170,-11.453330,-2.730300,0.500000,,J/A+A/399/141/table1
237,reflection,105.766670,-7.006670,-0.620000,0.500000,,J/A+A/399/141/table1
238,reflection,105.745830,-11.456940,-2.673800,0.500000,,J/A+A/399/141/table1
239,reflection,105.854170,-10.703610,-2.235200,0.500000,,J/A+A/399/141/table1
24,reflection,37.633330,72.988060,11.514200,0.500000,,J/A+A/399/141/table1
240,reflection,105.954170,-3.998330,0.924500,0.500000,,J/A+A/399/141/table1
241,reflection,105.929170,-11.552500,-2.557600,0.500000,,J/A+A/399/141/table1
242,reflection,105.979170,-11.575560,-2.524600,0.500000,,J/A+A/399/141/table1
243,reflection,106.033330,-11.316390,-2.358900,0.500000,,J/A+A/399/141/table1
245,reflection,106.054170,-16.378890,-4.645900,0.500000,,J/A+A/399/141/table1
246,reflection,106.108330,-10.453610,-1.898700,0.500000,,J/A+A/399/141/table1
247,reflection,106.320830,-12.326670,-2.570700,0.500000,,J/A+A/399/141/table1
248,reflection,106.670830,-11.293890,-1.792900,0.500000,,J/A+A/399/141/table1
249,reflection,107.162500,-4.319440,1.847800,0.500000,,J/A+A/399/141/table1
25,reflection,42.175000,69.591670,9.018900,0.500000,,J/A+A/399/141/table1
250,reflection,107.337500,-10.843060,-1.004600,0.500000,,J/A+A/399/141/table1
251,reflection,107.450000,-18.607220,-4.473000,0.500000,,J/A+A/399/141/table1
252,reflection,108.387500,-47.222220,-16.049100,0.500000,,J/A+A/399/141/table1
253,reflection,108.537500,-48.565560,-16.474400,0.500000,,J/A+A/399/141/table1
254,reflection,108.979170,-43.973060,-14.378000,0.500000,,J/A+A/399/141/table1
255,reflection,109.350000,-18.692220,-2.914100,0.500000,,J/A+A/399/141/table1
256,reflection,109.545830,-26.856110,-6.519600,0.500000,,J/A+A/399/141/table1
257,reflection,109.816670,-23.941110,-4.962900,0.500000,,J/A+A/399/141/table1
258,reflection,109.904170,-24.023890,-4.930200,0.500000,,J/A+A/399/141/table1
259,reflection,109.995830,-24.073890,-4.879200,0.500000,,J/A+A/399/141/table1
26,reflection,42.233330,69.635000,9.066700,0.500000,,J/A+A/399/141/table1
260,reflection,109.870830,-44.585560,-14.046900,0.500000,,J/A+A/399/141/table1
261,reflection,110.091670,-27.786390,-6.514100,0.500000,,J/A+A/399/141/table1
262,reflection,110.966670,-24.766940,-4.419500,0.500000,,J/A+A/399/141/table1
263,reflection,111.004170,-24.401390,-4.218200,0.500000,,J/A+A/399/141/table1
264,reflection,111.058330,-24.637780,-4.285400,0.500000,,J/A+A/399/141/table1
265,reflection,111.129170,-24.693890,-4.254900,0.500000,,J/A+A/399/141/table1
266,reflection,111.183330,-16.475830,-0.330600,0.500000,,J/A+A/399/141/table1
267,reflection,111.166670,-24.573330,-4.168200,0.500000,,J/A+A/399/141/table1
268,reflection,111.191670,-24.501390,-4.114300,0.500000,,J/A+A/399/141/table1
269,reflection,111.195830,-24.689170,-4.199200,0.500000,,J/A+A/399/141/table1
27,reflection,42.891670,67.814170,7.543200,0.500000,,J/A+A/399/141/table1
271,reflection,111.920830,-51.086670,-15.471300,0.500000,,J/A+A/399/141/table1
272,reflection,112.466670,-23.024720,-2.387000,0.500000,,J/A+A/399/141/table1
273,reflection,112.629170,-46.723060,-13.205800,0.500000,,J/A+A/399/141/table1
274,reflection,112.987500,-22.577780,-1.751300,0.500000,,J/A+A/399/141/table1
274,reflection,306.186300,42.313500,2.657300,0.100000,3.000000,VII/9
275,reflection,113.108330,-16.901670,1.085400,0.500000,,J/A+A/399/141/table1
276,reflection,113.058330,-50.775000,-14.689700,0.500000,,J/A+A/399/141/table1
277,reflection,113.554170,-46.910560,-12.719200,0.500000,,J/A+A/399/141/table1
278,reflection,113.862500,-22.400280,-0.957900,0.500000,,J/A+A/399/141/table1
279,reflection,113.866670,-23.874720,-1.671400,0.500000,,J/A+A/399/141/table1
28,reflection,42.987500,68.890280,8.519900,0.500000,,J/A+A/399/141/table1
280,reflection,306.436500,42.381100,2.545100,0.100000,3.000000,VII/9
281,reflection,114.133330,-25.332780,-2.168800,0.500000,,J/A+A/399/141/table1
281,reflection,306.435800,42.481100,2.603300,0.100000,3.000000,VII/9
282,reflection,114.037500,-50.212780,-13.885400,0.500000,,J/A+A/399/141/table1
283,reflection,114.433330,-32.841110,-5.581600,0.500000,,J/A+A/399/141/table1
284,reflection,114.358330,-47.947500,-12.694100,0.500000,,J/A+A/399/141/table1
285,reflection,114.658330,-49.856940,-13.370500,0.500000,,J/A+A/399/141/table1
286,reflection,114.800000,-47.866110,-12.393100,0.500000,,J/A+A/399/141/table1
287,reflection,115.066670,-33.544720,-5.458600,0.500000,,J/A+A/399/141/table1
288,reflection,115.195830,-41.450830,-9.168100,0.500000,,J/A+A/399/141/table1
289,reflection,115.216670,-43.817780,-10.269600,0.500000,,J/A+A/399/141/table1
29,reflection,44.341670,60.688610,1.492200,0.500000,,J/A+A/399/141/table1
290,reflection,115.341670,-41.165000,-8.936000,0.500000,,J/A+A/399/141/table1
291,reflection,115.641670,-42.089720,-9.179000,0.500000,,J/A+A/399/141/table1
292,reflection,115.675000,-41.262220,-8.762000,0.500000,,J/A+A/399/141/table1
293,reflection,116.241670,-25.511940,-0.601200,0.500000,,J/A+A/399/141/table1
294,reflection,116.275000,-25.528890,-0.583600,0.500000,,J/A+A/399/141/table1
295,reflection,116.887500,-49.736110,-12.035800,0.500000,,J/A+A/399/141/table1
296,reflection,117.083330,-32.535000,-3.490000,0.500000,,J/A+A/399/141/table1
297,reflection,117.429170,-25.283060,0.440700,0.500000,,J/A+A/399/141/table1
298,reflection,117.650000,-33.106670,-3.367600,0.500000,,J/A+A/399/141/table1
299,reflection,117.700000,-33.735830,-3.650500,0.500000,,J/A+A/399/141/table1
3,reflection,2.691670,58.769720,-3.685800,0.500000,,J/A+A/399/141/table1
30,reflection,45.233330,60.669720,1.681100,0.500000,,J/A+A/399/141/table1
300,reflection,117.733330,-34.718890,-4.124700,0.500000,,J/A+A/399/141/table1
301,reflection,118.779170,-25.361390,1.448500,0.500000,,J/A+A/399/141/table1
302,reflection,119.212500,-59.126940,-15.235800,0.500000,,J/A+A/399/141/table1
303,reflection,119.633330,-34.797220,-2.825900,0.500000,,J/A+A/399/141/table1
304,reflection,120.187500,-45.451940,-7.990600,0.500000,,J/A+A/399/141/table1
305,reflection,120.800000,46.216940,31.257900,0.500000,,J/A+A/399/141/table1
306,reflection,120.475000,-28.381670,1.158200,0.500000,,J/A+A/399/141/table1
307,reflection,121.154170,-31.510000,-0.008100,0.500000,,J/A+A/399/141/table1
308,reflection,121.158330,-39.222220,-4.120600,0.500000,,J/A+A/399/141/table1
309,reflection,121.200000,-39.230560,-4.097700,0.500000,,J/A+A/399/141/table1
31,reflection,46.845830,58.513330,0.195600,0.500000,,J/A+A/399/141/table1
311,reflection,121.337500,-39.169440,-3.974900,0.500000,,J/A+A/399/141/table1
312,reflection,121.841670,-35.934720,-1.902800,0.500000,,J/A+A/399/141/table1
313,reflection,121.887500,-35.712780,-1.751700,0.500000,,J/A+A/399/141/table1
314,reflection,122.054170,-36.068610,-1.830500,0.500000,,J/A+A/399/141/table1
315,reflection,122.070830,-36.030280,-1.798400,0.500000,,J/A+A/399/141/table1
316,reflection,122.137500,-35.992220,-1.732400,0.500000,,J/A+A/399/141/table1
317,reflection,122.200000,-36.050830,-1.721700,0.500000,,J/A+A/399/141/table1
318,reflection,122.262500,-36.021110,-1.663200,0.500000,,J/A+A/399/141/table1
319,reflection,122.329170,-38.645560,-3.042600,0.500000,,J/A+A/399/141/table1
32,reflection,48.945830,57.141670,-0.412100,0.500000,,J/A+A/399/141/table1
320,reflection,122.366670,-38.855560,-3.131900,0.500000,,J/A+A/399/141/table1
321,reflection,122.387500,-36.083330,-1.612100,0.500000,,J/A+A/399/141/table1
322,reflection,122.412500,-36.176670,-1.646000,0.500000,,J/A+A/399/141/table1
323,reflection,122.308330,-52.455000,-10.425500,0.500000,,J/A+A/399/141/table1
324,reflection,122.516670,-49.198890,-8.600500,0.500000,,J/A+A/399/141/table1
325,reflection,122.929170,-52.554720,-10.156100,0.500000,,J/A+A/399/141/table1
326,reflection,123.091670,-33.926670,0.050600,0.500000,,J/A+A/399/141/table1
327,reflection,123.100000,-33.754440,0.151100,0.500000,,J/A+A/399/141/table1
328,reflection,123.100000,-34.016110,0.007100,0.500000,,J/A+A/399/141/table1
329,reflection,123.266670,-34.578610,-0.187800,0.500000,,J/A+A/399/141/table1
33,reflection,51.062500,61.538610,3.874700,0.500000,,J/A+A/399/141/table1
330,reflection,123.341670,-38.438610,-2.266400,0.500000,,J/A+A/399/141/table1
331,reflection,123.462500,-36.137220,-0.915500,0.500000,,J/A+A/399/141/table1
332,reflection,123.483330,-36.101940,-0.882000,0.500000,,J/A+A/399/141/table1
333,reflection,123.579170,-34.519720,0.059200,0.500000,,J/A+A/399/141/table1
334,reflection,123.637500,-44.119170,-5.208500,0.500000,,J/A+A/399/141/table1
335,reflection,123.708330,-35.923610,-0.631700,0.500000,,J/A+A/399/141/table1
336,reflection,123.750000,-35.926390,-0.605100,0.500000,,J/A+A/399/141/table1
337,reflection,123.875000,-34.076110,0.508800,0.500000,,J/A+A/399/141/table1
338,reflection,123.958330,-36.130560,-0.578700,0.500000,,J/A+A/399/141/table1
339,reflection,123.983330,-36.001390,-0.490000,0.500000,,J/A+A/399/141/table1
34,reflection,50.995830,30.280000,-21.999200,0.500000,,J/A+A/399/141/table1
340,reflection,124.000000,-33.836110,0.728600,0.500000,,J/A+A/399/141/table1
341,reflection,124.000000,-36.140830,-0.556500,0.500000,,J/A+A/399/141/table1
342,reflection,124.183330,-40.349720,-2.784700,0.500000,,J/A+A/399/141/table1
343,reflection,124.300000,-42.231940,-3.761500,0.500000,,J/A+A/399/141/table1
344,reflection,124.512500,-42.110280,-3.562900,0.500000,,J/A+A/399/141/table1
345,reflection,124.616670,-35.792220,0.052200,0.500000,,J/A+A/399/141/table1
346,reflection,124.641670,-36.660560,-0.419900,0.500000,,J/A+A/399/141/table1
347,reflection,124.745830,-40.366110,-2.438900,0.500000,,J/A+A/399/141/table1
348,reflection,124.833330,-32.608890,1.994000,0.500000,,J/A+A/399/141/table1
349,reflection,124.870830,-32.623060,2.012100,0.500000,,J/A+A/399/141/table1
35,reflection,51.291670,30.772500,-21.451600,0.500000,,J/A+A/399/141/table1
350,reflection,124.812500,-42.908060,-3.827100,0.500000,,J/A+A/399/141/table1
351,reflection,124.904170,-50.120280,-7.801400,0.500000,,J/A+A/399/141/table1
352,reflection,125.045830,-35.586110,0.456300,0.500000,,J/A+A/399/141/table1
353,reflection,125.145830,-50.313890,-7.780200,0.500000,,J/A+A/399/141/table1
354,reflection,125.245830,-49.579440,-7.317600,0.500000,,J/A+A/399/141/table1
355,reflection,125.266670,-49.682780,-7.364100,0.500000,,J/A+A/399/141/table1
356,reflection,125.437500,-42.092780,-2.986300,0.500000,,J/A+A/399/141/table1
358,reflection,125.479170,-42.113610,-2.972700,0.500000,,J/A+A/399/141/table1
359,reflection,125.575000,-40.438610,-1.959600,0.500000,,J/A+A/399/141/table1
36,reflection,51.350000,31.733060,-20.648700,0.500000,,J/A+A/399/141/table1
360,reflection,125.641670,-40.407220,-1.900000,0.500000,,J/A+A/399/141/table1
361,reflection,125.616670,-42.106110,-2.884500,0.500000,,J/A+A/399/141/table1
362,reflection,125.712500,-42.083610,-2.813300,0.500000,,J/A+A/399/141/table1
363,reflection,125.725000,-42.147220,-2.842000,0.500000,,J/A+A/399/141/table1
364,reflection,125.791670,-42.097500,-2.773000,0.500000,,J/A+A/399/141/table1
365,reflection,125.912500,-42.146390,-2.727500,0.500000,,J/A+A/399/141/table1
366,reflection,126.187500,-41.017500,-1.910900,0.500000,,J/A+A/399/141/table1
367,reflection,126.275000,-42.001670,-2.424100,0.500000,,J/A+A/399/141/table1
368,reflection,126.612500,-42.559720,-2.542500,0.500000,,J/A+A/399/141/table1
369,reflection,126.620830,-50.658330,-7.199000,0.500000,,J/A+A/399/141/table1
37,reflection,51.458330,30.931670,-21.238500,0.500000,,J/A+A/399/141/table1
370,reflection,126.912500,-51.163890,-7.337300,0.500000,,J/A+A/399/141/table1
371,reflection,127.200000,-32.350830,3.777600,0.500000,,J/A+A/399/141/table1
372,reflection,127.066670,-51.770560,-7.606600,0.500000,,J/A+A/399/141/table1
373,reflection,127.808330,-48.724720,-5.454100,0.500000,,J/A+A/399/141/table1
374,reflection,127.995830,-33.503890,3.642500,0.500000,,J/A+A/399/141/table1
375,reflection,128.883330,-40.672220,-0.058500,0.500000,,J/A+A/399/141/table1
376,reflection,129.275000,-48.098330,-4.298800,0.500000,,J/A+A/399/141/table1
377,reflection,129.312500,-47.198890,-3.737600,0.500000,,J/A+A/399/141/table1
378,reflection,129.408330,-39.581390,0.919300,0.500000,,J/A+A/399/141/table1
379,reflection,129.620830,-41.040830,0.163700,0.500000,,J/A+A/399/141/table1
379,reflection,307.386500,49.001600,5.841000,0.400000,12.000000,VII/9
38,reflection,51.950000,30.201110,-21.569400,0.500000,,J/A+A/399/141/table1
380,reflection,129.704170,-40.855560,0.326200,0.500000,,J/A+A/399/141/table1
381,reflection,129.879170,-40.411390,0.701900,0.500000,,J/A+A/399/141/table1
382,reflection,129.883330,-40.471940,0.667600,0.500000,,J/A+A/399/141/table1
383,reflection,129.954170,-39.180000,1.498200,0.500000,,J/A+A/399/141/table1
384,reflection,130.120830,-41.761390,0.022000,0.500000,,J/A+A/399/141/table1
385,reflection,130.495830,-41.638060,0.318800,0.500000,,J/A+A/399/141/table1
386,reflection,130.570830,-40.736670,0.918000,0.500000,,J/A+A/399/141/table1
387,reflection,131.133330,-42.170000,0.363000,0.500000,,J/A+A/399/141/table1
388,reflection,131.216670,-37.147780,3.530600,0.500000,,J/A+A/399/141/table1
389,reflection,131.100000,-59.948610,-10.591300,0.500000,,J/A+A/399/141/table1
39,reflection,52.262500,59.941940,2.878200,0.500000,,J/A+A/399/141/table1
390,reflection,131.325000,-37.801940,3.192100,0.500000,,J/A+A/399/141/table1
391,reflection,131.516670,-43.661940,-0.346500,0.500000,,J/A+A/399/141/table1
392,reflection,131.612500,-43.703890,-0.318600,0.500000,,J/A+A/399/141/table1
393,reflection,131.658330,-43.870830,-0.397200,0.500000,,J/A+A/399/141/table1
394,reflection,131.895830,-41.591940,1.167400,0.500000,,J/A+A/399/141/table1
395,reflection,131.900000,-43.713610,-0.162700,0.500000,,J/A+A/399/141/table1
396,reflection,132.283330,-47.007500,-2.027800,0.500000,,J/A+A/399/141/table1
398,reflection,132.466670,-39.001390,3.137700,0.500000,,J/A+A/399/141/table1
399,reflection,132.591670,-28.616940,9.733900,0.500000,,J/A+A/399/141/table1
4,reflection,2.862500,58.824440,-3.645600,0.500000,,J/A+A/399/141/table1
40,reflection,52.087500,29.798330,-21.818100,0.500000,,J/A+A/399/141/table1
40,reflection,272.250400,-21.490900,-0.836000,0.333333,10.000000,VII/9
400,reflection,132.579170,-30.834170,8.345200,0.500000,,J/A+A/399/141/table1
401,reflection,132.595830,-49.088330,-3.181400,0.500000,,J/A+A/399/141/table1
402,reflection,132.658330,-45.139170,-0.643400,0.500000,,J/A+A/399/141/table1
403,reflection,132.679170,-49.094170,-3.142900,0.500000,,J/A+A/399/141/table1
405,reflection,132.900000,-49.134720,-3.057000,0.500000,,J/A+A/399/141/table1
406,reflection,133.079170,-42.254440,1.429100,0.500000,,J/A+A/399/141/table1
407,reflection,133.150000,-42.158610,1.530700,0.500000,,J/A+A/399/141/table1
408,reflection,133.104170,-48.739440,-2.701700,0.500000,,J/A+A/399/141/table1
408,reflection,315.657300,50.198300,2.390900,0.066667,2.000000,VII/9
409,reflection,133.154170,-44.204170,0.224400,0.500000,,J/A+A/399/141/table1
409,reflection,315.909000,50.115900,2.215700,0.066667,2.000000,VII/9
41,reflection,52.183330,31.293330,-20.577100,0.500000,,J/A+A/399/141/table1
410,reflection,133.220830,-42.105000,1.605400,0.500000,,J/A+A/399/141/table1
411,reflection,133.233330,-44.215280,0.260900,0.500000,,J/A+A/399/141/table1
412,reflection,315.907900,50.249200,2.304900,0.066667,2.000000,VII/9
413,reflection,133.229170,-48.771110,-2.658600,0.500000,,J/A+A/399/141/table1
414,reflection,133.287500,-42.216670,1.571800,0.500000,,J/A+A/399/141/table1
415,reflection,133.441670,-44.397220,0.258500,0.500000,,J/A+A/399/141/table1
416,reflection,133.500000,-42.486670,1.518900,0.500000,,J/A+A/399/141/table1
417,reflection,133.466670,-50.669440,-3.756100,0.500000,,J/A+A/399/141/table1
418,reflection,133.625000,-46.919720,-1.266500,0.500000,,J/A+A/399/141/table1
419,reflection,133.587500,-52.280000,-4.730500,0.500000,,J/A+A/399/141/table1
42,reflection,52.216670,30.750830,-20.992400,0.500000,,J/A+A/399/141/table1
420,reflection,133.787500,-43.466670,1.048400,0.500000,,J/A+A/399/141/table1
421,reflection,133.816670,-42.720280,1.546700,0.500000,,J/A+A/399/141/table1
422,reflection,134.066670,-43.112780,1.432300,0.500000,,J/A+A/399/141/table1
423,reflection,134.162500,-43.202220,1.427500,0.500000,,J/A+A/399/141/table1
424,reflection,134.229170,-43.935560,0.987900,0.500000,,J/A+A/399/141/table1
425,reflection,134.283330,-43.256110,1.459400,0.500000,,J/A+A/399/141/table1
426,reflection,134.404170,-42.707220,1.883700,0.500000,,J/A+A/399/141/table1
427,reflection,134.500000,-42.827780,1.858500,0.500000,,J/A+A/399/141/table1
428,reflection,134.512500,-42.691670,1.954200,0.500000,,J/A+A/399/141/table1
429,reflection,134.495830,-44.940560,0.477900,0.500000,,J/A+A/399/141/table1
43,reflection,52.479170,58.880280,2.066000,0.500000,,J/A+A/399/141/table1
43,reflection,274.240500,-19.731200,-1.627300,0.133333,4.000000,VII/9
430,reflection,134.520830,-47.381390,-1.102000,0.500000,,J/A+A/399/141/table1
431,reflection,134.612500,-43.435560,1.524000,0.500000,,J/A+A/399/141/table1
432,reflection,135.208330,-44.667500,1.038600,0.500000,,J/A+A/399/141/table1
433,reflection,135.366670,-47.582220,-0.802800,0.500000,,J/A+A/399/141/table1
434,reflection,135.454170,-44.935830,0.992400,0.500000,,J/A+A/399/141/table1
435,reflection,135.504170,-44.756110,1.137900,0.500000,,J/A+A/399/141/table1
436,reflection,135.508330,-47.790000,-0.868700,0.500000,,J/A+A/399/141/table1
437,reflection,135.562500,-44.837220,1.115200,0.500000,,J/A+A/399/141/table1
438,reflection,135.787500,-47.808060,-0.740300,0.500000,,J/A+A/399/141/table1
44,reflection,52.300000,31.393330,-20.437200,0.500000,,J/A+A/399/141/table1
440,reflection,136.641670,-49.268330,-1.296300,0.500000,,J/A+A/399/141/table1
441,reflection,137.112500,-51.078330,-2.295100,0.500000,,J/A+A/399/141/table1
442,reflection,137.229170,-51.603060,-2.596800,0.500000,,J/A+A/399/141/table1
443,reflection,137.425000,-47.129170,0.535400,0.500000,,J/A+A/399/141/table1
444,reflection,137.458330,-48.691940,-0.511700,0.500000,,J/A+A/399/141/table1
445,reflection,137.825000,-45.559170,1.808200,0.500000,,J/A+A/399/141/table1
446,reflection,137.833330,-45.596110,1.787200,0.500000,,J/A+A/399/141/table1
447,reflection,137.950000,-45.647220,1.811700,0.500000,,J/A+A/399/141/table1
448,reflection,138.387500,-51.996390,-2.342500,0.500000,,J/A+A/399/141/table1
449,reflection,138.533330,-42.467780,4.300400,0.500000,,J/A+A/399/141/table1
45,reflection,52.683330,30.546110,-20.911200,0.500000,,J/A+A/399/141/table1
450,reflection,138.812500,-43.594440,3.670300,0.500000,,J/A+A/399/141/table1
451,reflection,138.800000,-47.475560,0.975200,0.500000,,J/A+A/399/141/table1
452,reflection,138.912500,-47.724170,0.857400,0.500000,,J/A+A/399/141/table1
453,reflection,138.975000,-45.817780,2.212100,0.500000,,J/A+A/399/141/table1
454,reflection,139.066670,-49.024440,0.027100,0.500000,,J/A+A/399/141/table1
455,reflection,139.133330,-47.827780,0.891900,0.500000,,J/A+A/399/141/table1
456,reflection,139.608330,-48.439170,0.691500,0.500000,,J/A+A/399/141/table1
457,reflection,139.662500,-46.305830,2.213300,0.500000,,J/A+A/399/141/table1
458,reflection,139.704170,-44.325830,3.621700,0.500000,,J/A+A/399/141/table1
459,reflection,139.754170,-49.245560,0.194100,0.500000,,J/A+A/399/141/table1
46,reflection,53.800000,38.016670,-14.407300,0.500000,,J/A+A/399/141/table1
46,reflection,274.240000,-19.647900,-1.587400,0.133333,4.000000,VII/9
460,reflection,139.837500,-46.196110,2.376500,0.500000,,J/A+A/399/141/table1
461,reflection,139.933330,-48.840000,0.562800,0.500000,,J/A+A/399/141/table1
462,reflection,140.133330,-49.474440,0.208200,0.500000,,J/A+A/399/141/table1
463,reflection,140.212500,-41.005830,6.217500,0.500000,,J/A+A/399/141/table1
464,reflection,140.329170,-48.540830,0.959000,0.500000,,J/A+A/399/141/table1
465,reflection,140.391670,-43.696110,4.416100,0.500000,,J/A+A/399/141/table1
466,reflection,140.466670,-52.218060,-1.584100,0.500000,,J/A+A/399/141/table1
467,reflection,140.554170,-48.083610,1.388700,0.500000,,J/A+A/399/141/table1
469,reflection,140.787500,-50.570280,-0.272500,0.500000,,J/A+A/399/141/table1
47,reflection,55.529170,62.499170,5.871100,0.500000,,J/A+A/399/141/table1
470,reflection,140.995830,-51.737220,-1.013000,0.500000,,J/A+A/399/141/table1
471,reflection,141.104170,-53.133330,-1.964200,0.500000,,J/A+A/399/141/table1
472,reflection,141.520830,-52.696390,-1.475800,0.500000,,J/A+A/399/141/table1
472,reflection,320.010200,64.879500,10.642700,1.000000,30.000000,VII/9
474,reflection,141.750000,-53.837780,-2.202200,0.500000,,J/A+A/399/141/table1
475,reflection,142.016670,-48.285000,1.924500,0.500000,,J/A+A/399/141/table1
476,reflection,144.375000,-45.615830,4.976200,0.500000,,J/A+A/399/141/table1
477,reflection,144.995830,-47.833330,3.603300,0.500000,,J/A+A/399/141/table1
478,reflection,145.308330,-47.874720,3.710500,0.500000,,J/A+A/399/141/table1
479,reflection,145.691670,-47.804440,3.932400,0.500000,,J/A+A/399/141/table1
48,reflection,55.733330,31.977780,-18.166100,0.500000,,J/A+A/399/141/table1
480,reflection,146.483330,-48.313330,3.889600,0.500000,,J/A+A/399/141/table1
481,reflection,147.200000,-55.000000,-0.959000,0.500000,,J/A+A/399/141/table1
482,reflection,148.329170,-47.096110,5.618900,0.500000,,J/A+A/399/141/table1
483,reflection,150.366670,-57.711940,-2.001600,0.500000,,J/A+A/399/141/table1
484,reflection,150.387500,-57.800560,-2.065700,0.500000,,J/A+A/399/141/table1
486,reflection,150.770830,-59.286670,-3.135400,0.500000,,J/A+A/399/141/table1
487,reflection,151.112500,-45.639720,7.946500,0.500000,,J/A+A/399/141/table1
487,reflection,315.404100,68.197900,14.214400,0.333333,10.000000,VII/9
488,reflection,151.875000,-60.046940,-3.419000,0.500000,,J/A+A/399/141/table1
489,reflection,151.920830,-57.562500,-1.388300,0.500000,,J/A+A/399/141/table1
49,reflection,56.141670,32.162500,-17.802900,0.500000,,J/A+A/399/141/table1
490,reflection,152.466670,-57.823060,-1.431300,0.500000,,J/A+A/399/141/table1
491,reflection,152.762500,-58.083610,-1.554100,0.500000,,J/A+A/399/141/table1
492,reflection,153.870830,-58.699720,-1.732400,0.500000,,J/A+A/399/141/table1
493,reflection,153.870830,-60.312500,-3.068100,0.500000,,J/A+A/399/141/table1
494,reflection,153.970830,-57.375000,-0.604800,0.500000,,J/A+A/399/141/table1
495,reflection,154.487500,-60.875280,-3.366800,0.500000,,J/A+A/399/141/table1
496,reflection,156.066670,-57.568060,-0.151300,0.500000,,J/A+A/399/141/table1
497,reflection,156.145830,-58.114170,-0.591000,0.500000,,J/A+A/399/141/table1
498,reflection,156.366670,-58.168060,-0.574900,0.500000,,J/A+A/399/141/table1
499,reflection,156.675000,-48.036940,8.120300,0.500000,,J/A+A/399/141/table1
5,reflection,3.345830,65.612780,3.031000,0.500000,,J/A+A/399/141/table1
50,reflection,56.212500,32.318060,-17.645100,0.500000,,J/A+A/399/141/table1
500,reflection,157.200000,-48.960280,7.519000,0.500000,,J/A+A/399/141/table1
500,reflection,333.647100,63.082300,5.417100,0.233333,7.000000,VII/9
501,reflection,157.416670,-43.240000,12.464300,0.500000,,J/A+A/399/141/table1
502,reflection,157.916670,-59.183330,-1.023600,0.500000,,J/A+A/399/141/table1
503,reflection,158.175000,-61.625560,-3.061700,0.500000,,J/A+A/399/141/table1
504,reflection,158.200000,-58.666670,-0.504200,0.500000,,J/A+A/399/141/table1
504,reflection,324.236500,68.142100,11.781400,0.066667,2.000000,VII/9
505,reflection,158.237500,-59.622220,-1.318700,0.500000,,J/A+A/399/141/table1
506,reflection,158.395830,-59.209720,-0.922000,0.500000,,J/A+A/399/141/table1
507,reflection,158.412500,-59.022780,-0.756100,0.500000,,J/A+A/399/141/table1
508,reflection,158.858330,-59.250000,-0.838300,0.500000,,J/A+A/399/141/table1
509,reflection,158.775000,-68.128330,-8.544200,0.500000,,J/A+A/399/141/table1
51,reflection,56.216670,24.114720,-23.849000,0.500000,,J/A+A/399/141/table1
510,reflection,159.100000,-58.952500,-0.518500,0.500000,,J/A+A/399/141/table1
511,reflection,159.158330,-58.003330,0.321800,0.500000,,J/A+A/399/141/table1
512,reflection,159.204170,-58.670000,-0.246200,0.500000,,J/A+A/399/141/table1
513,reflection,159.283330,-58.480560,-0.061000,0.500000,,J/A+A/399/141/table1
514,reflection,159.362500,-58.733610,-0.261100,0.500000,,J/A+A/399/141/table1
515,reflection,159.470830,-59.044720,-0.504700,0.500000,,J/A+A/399/141/table1
516,reflection,159.650000,-58.041390,0.416400,0.500000,,J/A+A/399/141/table1
517,reflection,160.616670,-63.159170,-3.840700,0.500000,,J/A+A/399/141/table1
518,reflection,161.475000,-59.951390,-0.816700,0.500000,,J/A+A/399/141/table1
519,reflection,162.491670,-55.685830,3.224800,0.500000,,J/A+A/399/141/table1
52,reflection,56.458330,24.368060,-23.513300,0.500000,,J/A+A/399/141/table1
521,reflection,162.566670,-55.682780,3.246500,0.500000,,J/A+A/399/141/table1
522,reflection,162.854170,-62.992500,-3.225900,0.500000,,J/A+A/399/141/table1
523,reflection,163.037500,-56.215560,2.887500,0.500000,,J/A+A/399/141/table1
524,reflection,163.095830,-56.791390,2.385400,0.500000,,J/A+A/399/141/table1
524,reflection,343.237400,62.182800,2.421800,0.133333,4.000000,VII/9
525,reflection,163.291670,-58.606940,0.801700,0.500000,,J/A+A/399/141/table1
526,reflection,164.133330,-63.008890,-2.986800,0.500000,,J/A+A/399/141/table1
527,reflection,164.250000,-58.607780,1.017000,0.500000,,J/A+A/399/141/table1
528,reflection,164.241670,-63.004440,-2.961700,0.500000,,J/A+A/399/141/table1
529,reflection,165.320830,-59.842500,0.125300,0.500000,,J/A+A/399/141/table1
53,reflection,56.583330,23.949720,-23.747100,0.500000,,J/A+A/399/141/table1
530,reflection,165.704170,-66.552220,-5.925100,0.500000,,J/A+A/399/141/table1
531,reflection,166.120830,-62.962220,-2.570000,0.500000,,J/A+A/399/141/table1
532,reflection,166.562500,-77.366110,-15.689900,0.500000,,J/A+A/399/141/table1
533,reflection,167.020830,-77.655830,-15.914300,0.500000,,J/A+A/399/141/table1
534,reflection,167.166670,-77.731110,-15.970700,0.500000,,J/A+A/399/141/table1
535,reflection,167.550000,-59.421940,0.957800,0.500000,,J/A+A/399/141/table1
536,reflection,167.583330,-59.490280,0.901000,0.500000,,J/A+A/399/141/table1
537,reflection,167.458330,-76.614440,-14.920600,0.500000,,J/A+A/399/141/table1
538,reflection,167.679170,-59.413610,0.990400,0.500000,,J/A+A/399/141/table1
539,reflection,167.787500,-61.358610,-0.790100,0.500000,,J/A+A/399/141/table1
54,reflection,56.870830,24.106390,-23.454500,0.500000,,J/A+A/399/141/table1
540,reflection,167.854170,-61.304440,-0.727900,0.500000,,J/A+A/399/141/table1
541,reflection,167.883330,-61.363060,-0.776900,0.500000,,J/A+A/399/141/table1
542,reflection,167.904170,-61.679440,-1.066400,0.500000,,J/A+A/399/141/table1
543,reflection,167.870830,-71.436110,-10.104400,0.500000,,J/A+A/399/141/table1
544,reflection,168.000000,-53.165000,6.844000,0.500000,,J/A+A/399/141/table1
545,reflection,168.175000,-59.337220,1.156000,0.500000,,J/A+A/399/141/table1
546,reflection,168.225000,-52.976390,7.069600,0.500000,,J/A+A/399/141/table1
546,reflection,332.208000,73.379300,14.110700,0.333333,10.000000,VII/9
547,reflection,168.120830,-76.740000,-14.976600,0.500000,,J/A+A/399/141/table1
548,reflection,168.179170,-77.373060,-15.555700,0.500000,,J/A+A/399/141/table1
549,reflection,168.412500,-52.833060,7.244700,0.500000,,J/A+A/399/141/table1
55,reflection,57.404170,38.983330,-11.899800,0.500000,,J/A+A/399/141/table1
550,reflection,169.654170,-48.643060,11.432800,0.500000,,J/A+A/399/141/table1
551,reflection,171.204170,-58.949170,2.063600,0.500000,,J/A+A/399/141/table1
552,reflection,172.079170,-63.006940,-1.641000,0.500000,,J/A+A/399/141/table1
553,reflection,172.225000,-63.101110,-1.709600,0.500000,,J/A+A/399/141/table1
554,reflection,172.312500,-63.553890,-2.127300,0.500000,,J/A+A/399/141/table1
555,reflection,172.383330,-64.091390,-2.628200,0.500000,,J/A+A/399/141/table1
556,reflection,172.604170,-63.817500,-2.337700,0.500000,,J/A+A/399/141/table1
557,reflection,175.137500,-64.535000,-2.704500,0.500000,,J/A+A/399/141/table1
558,reflection,176.316670,-48.508890,12.923900,0.500000,,J/A+A/399/141/table1
559,reflection,176.395830,-65.549440,-3.544300,0.500000,,J/A+A/399/141/table1
56,reflection,57.895830,51.500280,-1.985700,0.500000,,J/A+A/399/141/table1
560,reflection,176.487500,-65.558890,-3.543900,0.500000,,J/A+A/399/141/table1
561,reflection,176.750000,-65.120280,-3.091900,0.500000,,J/A+A/399/141/table1
562,reflection,177.062500,-61.548060,0.406000,0.500000,,J/A+A/399/141/table1
563,reflection,177.104170,-61.440000,0.515700,0.500000,,J/A+A/399/141/table1
564,reflection,177.104170,-62.320830,-0.339000,0.500000,,J/A+A/399/141/table1
565,reflection,177.162500,-61.485830,0.478000,0.500000,,J/A+A/399/141/table1
566,reflection,177.179170,-62.326940,-0.336500,0.500000,,J/A+A/399/141/table1
567,reflection,177.566670,-64.872780,-2.768400,0.500000,,J/A+A/399/141/table1
568,reflection,181.566670,-60.181390,2.199000,0.500000,,J/A+A/399/141/table1
569,reflection,182.579170,-52.236390,10.125700,0.500000,,J/A+A/399/141/table1
57,reflection,59.195830,51.432220,-1.522200,0.500000,,J/A+A/399/141/table1
570,reflection,183.254170,-61.841390,0.693000,0.500000,,J/A+A/399/141/table1
571,reflection,183.587500,-60.302500,2.238900,0.500000,,J/A+A/399/141/table1
572,reflection,184.279170,-60.221670,2.366400,0.500000,,J/A+A/399/141/table1
573,reflection,184.295830,-62.126110,0.479800,0.500000,,J/A+A/399/141/table1
574,reflection,184.358330,-60.242500,2.350900,0.500000,,J/A+A/399/141/table1
575,reflection,184.450000,-59.733060,2.862000,0.500000,,J/A+A/399/141/table1
576,reflection,184.766670,-62.985280,-0.344200,0.500000,,J/A+A/399/141/table1
577,reflection,184.908330,-62.956390,-0.307500,0.500000,,J/A+A/399/141/table1
578,reflection,184.983330,-63.752500,-1.093500,0.500000,,J/A+A/399/141/table1
579,reflection,185.004170,-62.971110,-0.316800,0.500000,,J/A+A/399/141/table1
58,reflection,59.987500,51.556940,-1.107700,0.500000,,J/A+A/399/141/table1
580,reflection,185.062500,-62.891390,-0.234500,0.500000,,J/A+A/399/141/table1
581,reflection,185.595830,-63.287780,-0.600000,0.500000,,J/A+A/399/141/table1
583,reflection,189.325000,-69.996110,-7.157800,0.500000,,J/A+A/399/141/table1
584,reflection,189.437500,-69.595000,-6.755200,0.500000,,J/A+A/399/141/table1
585,reflection,189.550000,-67.708060,-4.868700,0.500000,,J/A+A/399/141/table1
586,reflection,190.625000,-61.474440,1.378800,0.500000,,J/A+A/399/141/table1
587,reflection,191.191670,-54.520000,8.339100,0.500000,,J/A+A/399/141/table1
588,reflection,191.600000,-64.191110,-1.324700,0.500000,,J/A+A/399/141/table1
589,reflection,192.837500,-63.303610,-0.431900,0.500000,,J/A+A/399/141/table1
59,reflection,63.104170,23.573330,-19.834300,0.500000,,J/A+A/399/141/table1
590,reflection,194.345830,-61.526390,1.337200,0.500000,,J/A+A/399/141/table1
591,reflection,194.666670,-66.371940,-3.510400,0.500000,,J/A+A/399/141/table1
592,reflection,197.162500,-62.243330,0.561500,0.500000,,J/A+A/399/141/table1
593,reflection,197.187500,-62.289720,0.514400,0.500000,,J/A+A/399/141/table1
594,reflection,197.191670,-62.331670,0.472400,0.500000,,J/A+A/399/141/table1
595,reflection,197.345830,-62.688610,0.111400,0.500000,,J/A+A/399/141/table1
596,reflection,197.408330,-62.219440,0.577400,0.500000,,J/A+A/399/141/table1
597,reflection,197.637500,-62.221390,0.567800,0.500000,,J/A+A/399/141/table1
598,reflection,199.541670,-62.681940,0.030800,0.500000,,J/A+A/399/141/table1
599,reflection,199.691670,-62.759170,-0.053200,0.500000,,J/A+A/399/141/table1
6,reflection,5.850000,56.164720,-6.493400,0.500000,,J/A+A/399/141/table1
60,reflection,63.391670,10.212220,-28.418600,0.500000,,J/A+A/399/141/table1
601,reflection,199.766670,-62.569720,0.131500,0.500000,,J/A+A/399/141/table1
603,reflection,199.962500,-63.024170,-0.329900,0.500000,,J/A+A/399/141/table1
604,reflection,200.266670,-56.299720,6.334400,0.500000,,J/A+A/399/141/table1
605,reflection,201.458330,-59.713890,2.868400,0.500000,,J/A+A/399/141/table1
606,reflection,203.054170,-60.426110,2.048000,0.500000,,J/A+A/399/141/table1
607,reflection,203.204170,-60.447500,2.015100,0.500000,,J/A+A/399/141/table1
608,reflection,204.216670,-61.261390,1.130100,0.500000,,J/A+A/399/141/table1
609,reflection,207.912500,-61.658330,0.382700,0.500000,,J/A+A/399/141/table1
61,reflection,63.579170,28.204720,-16.323100,0.500000,,J/A+A/399/141/table1
610,reflection,208.562500,-62.233890,-0.248800,0.500000,,J/A+A/399/141/table1
611,reflection,209.491670,-63.837780,-1.907000,0.500000,,J/A+A/399/141/table1
612,reflection,209.358330,-39.935830,21.198700,0.500000,,J/A+A/399/141/table1
613,reflection,209.433330,-39.979720,21.140800,0.500000,,J/A+A/399/141/table1
614,reflection,209.483330,-40.071670,21.041900,0.500000,,J/A+A/399/141/table1
615,reflection,213.745830,-61.016940,0.230900,0.500000,,J/A+A/399/141/table1
616,reflection,216.904170,-45.938610,13.742000,0.500000,,J/A+A/399/141/table1
617,reflection,217.591670,-53.915560,6.176800,0.500000,,J/A+A/399/141/table1
618,reflection,220.833330,-58.739440,1.037100,0.500000,,J/A+A/399/141/table1
62,reflection,63.883330,8.891940,-28.854700,0.500000,,J/A+A/399/141/table1
620,reflection,222.320830,-65.255000,-5.149600,0.500000,,J/A+A/399/141/table1
620,reflection,14.261000,61.103500,-1.760900,0.333333,10.000000,VII/9
621,reflection,224.483330,-59.761940,-0.704900,0.500000,,J/A+A/399/141/table1
622,reflection,224.575000,-59.750560,-0.716400,0.500000,,J/A+A/399/141/table1
623,reflection,224.587500,-59.659170,-0.638600,0.500000,,J/A+A/399/141/table1
624,reflection,224.808330,-63.001670,-3.638900,0.500000,,J/A+A/399/141/table1
625,reflection,224.975000,-57.185560,1.448400,0.500000,,J/A+A/399/141/table1
626,reflection,225.087500,-63.225000,-3.895400,0.500000,,J/A+A/399/141/table1
627,reflection,225.175000,-63.186390,-3.880300,0.500000,,J/A+A/399/141/table1
628,reflection,225.245830,-63.281940,-3.979400,0.500000,,J/A+A/399/141/table1
629,reflection,225.850000,-63.383060,-4.198700,0.500000,,J/A+A/399/141/table1
63,reflection,64.670830,28.289440,-15.570100,0.500000,,J/A+A/399/141/table1
630,reflection,226.195830,-47.460830,9.597900,0.500000,,J/A+A/399/141/table1
631,reflection,228.775000,-62.763060,-4.332400,0.500000,,J/A+A/399/141/table1
632,reflection,229.583330,-50.277500,6.036400,0.500000,,J/A+A/399/141/table1
633,reflection,229.725000,-50.490000,5.808600,0.500000,,J/A+A/399/141/table1
634,reflection,236.304170,-34.292220,16.077500,0.500000,,J/A+A/399/141/table1
635,reflection,236.766670,-57.034170,-1.929200,0.500000,,J/A+A/399/141/table1
636,reflection,237.020830,-35.264720,14.953400,0.500000,,J/A+A/399/141/table1
637,reflection,237.745830,-25.751110,21.705400,0.500000,,J/A+A/399/141/table1
638,reflection,238.095830,-54.569170,-0.471200,0.500000,,J/A+A/399/141/table1
639,reflection,238.404170,-25.326940,21.612800,0.500000,,J/A+A/399/141/table1
64,reflection,65.408330,37.581940,-8.672100,0.500000,,J/A+A/399/141/table1
640,reflection,238.475000,-24.532780,22.147400,0.500000,,J/A+A/399/141/table1
641,reflection,239.179170,-42.322500,8.478700,0.500000,,J/A+A/399/141/table1
642,reflection,239.220830,-46.160830,5.538400,0.500000,,J/A+A/399/141/table1
643,reflection,239.366670,-53.961390,-0.477800,0.500000,,J/A+A/399/141/table1
643,reflection,42.872900,68.872400,8.485300,0.100000,3.000000,VII/9
644,reflection,239.712500,-26.113610,20.231100,0.500000,,J/A+A/399/141/table1
645,reflection,239.716670,-26.178060,20.182000,0.500000,,J/A+A/399/141/table1
646,reflection,240.362500,-53.561110,-0.557100,0.500000,,J/A+A/399/141/table1
647,reflection,240.491670,-37.533890,11.408300,0.500000,,J/A+A/399/141/table1
65,reflection,65.487500,28.443060,-14.941000,0.500000,,J/A+A/399/141/table1
650,reflection,241.220830,-53.012220,-0.484100,0.500000,,J/A+A/399/141/table1
651,reflection,241.254170,-39.762500,9.358600,0.500000,,J/A+A/399/141/table1
652,reflection,242.141670,-39.092500,9.384900,0.500000,,J/A+A/399/141/table1
653,reflection,242.858330,-51.393330,0.036500,0.500000,,J/A+A/399/141/table1
654,reflection,242.941670,-51.298610,0.070300,0.500000,,J/A+A/399/141/table1
655,reflection,243.000000,-19.461670,22.698800,0.500000,,J/A+A/399/141/table1
656,reflection,243.075000,-27.927780,16.834900,0.500000,,J/A+A/399/141/table1
657,reflection,243.275000,-50.388890,0.589700,0.500000,,J/A+A/399/141/table1
658,reflection,243.658330,-39.586940,8.217400,0.500000,,J/A+A/399/141/table1
659,reflection,244.866670,-46.586110,2.595400,0.500000,,J/A+A/399/141/table1
66,reflection,65.495830,19.535280,-20.888000,0.500000,,J/A+A/399/141/table1
66,reflection,90.772295,-9.716544,-15.108500,0.075000,1.800000,VII/21
660,reflection,244.783330,-20.217500,20.944600,0.500000,,J/A+A/399/141/table1
661,reflection,245.025000,-20.055280,20.881200,0.500000,,J/A+A/399/141/table1
662,reflection,245.129170,-20.118330,20.766100,0.500000,,J/A+A/399/141/table1
663,reflection,245.295830,-25.595000,16.998300,0.500000,,J/A+A/399/141/table1
664,reflection,246.104170,-25.707500,16.383100,0.500000,,J/A+A/399/141/table1
665,reflection,246.341670,-24.460000,17.053900,0.500000,,J/A+A/399/141/table1
666,reflection,246.395830,-23.447500,17.686900,0.500000,,J/A+A/399/141/table1
667,reflection,246.641670,-24.391110,16.894900,0.500000,,J/A+A/399/141/table1
668,reflection,247.350000,-26.433330,15.064700,0.500000,,J/A+A/399/141/table1
669,reflection,247.554170,-25.116110,15.793900,0.500000,,J/A+A/399/141/table1
67,reflection,66.770830,26.104170,-15.671800,0.500000,,J/A+A/399/141/table1
670,reflection,247.800000,-38.383060,6.754500,0.500000,,J/A+A/399/141/table1
671,reflection,247.920830,-24.421110,15.996100,0.500000,,J/A+A/399/141/table1
672,reflection,248.537500,-15.804720,21.017400,0.500000,,J/A+A/399/141/table1
673,reflection,248.620830,-15.784440,20.966700,0.500000,,J/A+A/399/141/table1
674,reflection,249.504170,-48.850560,-1.223600,0.500000,,J/A+A/399/141/table1
676,reflection,249.645830,-48.913060,-1.334700,0.500000,,J/A+A/399/141/table1
677,reflection,250.000000,-48.783060,-1.422100,0.500000,,J/A+A/399/141/table1
678,reflection,250.395830,-17.740830,18.424400,0.500000,,J/A+A/399/141/table1
679,reflection,251.195830,-49.904720,-2.746800,0.500000,,J/A+A/399/141/table1
68,reflection,66.820830,22.995560,-17.689900,0.500000,,J/A+A/399/141/table1
680,reflection,251.587500,-41.248060,2.677600,0.500000,,J/A+A/399/141/table1
681,reflection,251.662500,-41.249170,2.633900,0.500000,,J/A+A/399/141/table1
681,reflection,52.516800,59.837900,2.864800,0.666667,20.000000,VII/9
682,reflection,251.779170,-41.223060,2.583900,0.500000,,J/A+A/399/141/table1
682,reflection,52.250800,58.838900,1.965000,1.166667,35.000000,VII/9
683,reflection,251.791670,-41.275560,2.542800,0.500000,,J/A+A/399/141/table1
684,reflection,251.841670,-41.261940,2.522900,0.500000,,J/A+A/399/141/table1
685,reflection,252.154170,-48.079170,-2.043900,0.500000,,J/A+A/399/141/table1
686,reflection,252.395830,-47.023610,-1.491000,0.500000,,J/A+A/399/141/table1
687,reflection,252.800000,-44.839440,-0.310500,0.500000,,J/A+A/399/141/table1
688,reflection,253.829170,-46.420830,-1.868200,0.500000,,J/A+A/399/141/table1
689,reflection,253.825000,-43.223890,0.141400,0.500000,,J/A+A/399/141/table1
69,reflection,67.241670,51.758060,2.138100,0.500000,,J/A+A/399/141/table1
690,reflection,253.929170,-46.462500,-1.948100,0.500000,,J/A+A/399/141/table1
691,reflection,254.175000,-40.255560,1.796900,0.500000,,J/A+A/399/141/table1
692,reflection,254.241670,-40.249170,1.761100,0.500000,,J/A+A/399/141/table1
693,reflection,254.575000,-50.641670,-4.883100,0.500000,,J/A+A/399/141/table1
694,reflection,254.650000,-45.787780,-1.918300,0.500000,,J/A+A/399/141/table1
695,reflection,254.737500,-46.129170,-2.177500,0.500000,,J/A+A/399/141/table1
696,reflection,254.729170,-40.611940,1.244900,0.500000,,J/A+A/399/141/table1
697,reflection,254.779170,-42.702500,-0.079200,0.500000,,J/A+A/399/141/table1
698,reflection,255.045830,-9.929440,19.294200,0.500000,,J/A+A/399/141/table1
699,reflection,255.295830,-45.650280,-2.188400,0.500000,,J/A+A/399/141/table1
7,reflection,7.245830,56.701390,-6.035300,0.500000,,J/A+A/399/141/table1
70,reflection,67.558330,35.273610,-9.007000,0.500000,,J/A+A/399/141/table1
700,reflection,255.383330,-43.321670,-0.808700,0.500000,,J/A+A/399/141/table1
701,reflection,256.004170,-51.083890,-5.867600,0.500000,,J/A+A/399/141/table1
702,reflection,256.308330,-40.363330,0.447600,0.500000,,J/A+A/399/141/table1
703,reflection,256.441670,-39.989170,0.592600,0.500000,,J/A+A/399/141/table1
704,reflection,256.800000,-45.495000,-2.931400,0.500000,,J/A+A/399/141/table1
705,reflection,256.620830,-10.806940,17.517600,0.500000,,J/A+A/399/141/table1
706,reflection,257.808330,-46.118060,-3.867000,0.500000,,J/A+A/399/141/table1
707,reflection,257.816670,-45.900280,-3.743300,0.500000,,J/A+A/399/141/table1
708,reflection,257.820830,-45.978330,-3.791700,0.500000,,J/A+A/399/141/table1
709,reflection,258.225000,-42.730000,-2.114900,0.500000,,J/A+A/399/141/table1
71,reflection,67.712500,35.445830,-8.797900,0.500000,,J/A+A/399/141/table1
710,reflection,258.279170,-38.793330,0.164100,0.500000,,J/A+A/399/141/table1
711,reflection,259.029170,-21.032220,9.902700,0.500000,,J/A+A/399/141/table1
712,reflection,260.812500,-78.725560,-22.449600,0.500000,,J/A+A/399/141/table1
713,reflection,259.637500,-32.108890,3.145500,0.500000,,J/A+A/399/141/table1
714,reflection,259.712500,-33.278330,2.422900,0.500000,,J/A+A/399/141/table1
715,reflection,259.741670,-35.695000,1.016000,0.500000,,J/A+A/399/141/table1
716,reflection,259.720830,6.084720,23.334000,0.500000,,J/A+A/399/141/table1
717,reflection,259.950000,-35.950830,0.730900,0.500000,,J/A+A/399/141/table1
718,reflection,260.058330,-36.013610,0.623100,0.500000,,J/A+A/399/141/table1
719,reflection,260.166670,-36.032780,0.540200,0.500000,,J/A+A/399/141/table1
72,reflection,67.912500,18.232780,-19.970600,0.500000,,J/A+A/399/141/table1
720,reflection,260.362500,-36.075830,0.385600,0.500000,,J/A+A/399/141/table1
721,reflection,260.445830,-44.137500,-4.243900,0.500000,,J/A+A/399/141/table1
722,reflection,260.695830,-33.178610,1.803700,0.500000,,J/A+A/399/141/table1
723,reflection,261.745830,-35.969440,-0.479000,0.500000,,J/A+A/399/141/table1
724,reflection,263.516670,-39.395280,-3.531400,0.500000,,J/A+A/399/141/table1
725,reflection,263.783330,-39.221940,-3.611600,0.500000,,J/A+A/399/141/table1
726,reflection,266.308330,-32.142220,-1.599900,0.500000,,J/A+A/399/141/table1
727,reflection,266.304170,-31.843890,-1.441400,0.500000,,J/A+A/399/141/table1
728,reflection,267.312500,-31.393060,-1.942800,0.500000,,J/A+A/399/141/table1
729,reflection,267.687500,-5.333060,10.925700,0.500000,,J/A+A/399/141/table1
73,reflection,68.079170,24.373890,-15.917300,0.500000,,J/A+A/399/141/table1
73,reflection,278.198300,-11.762000,-1.269000,0.666667,20.000000,VII/9
730,reflection,267.745830,-14.270000,6.459100,0.500000,,J/A+A/399/141/table1
731,reflection,267.870830,-31.252220,-2.280500,0.500000,,J/A+A/399/141/table1
732,reflection,267.912500,-31.286670,-2.328700,0.500000,,J/A+A/399/141/table1
733,reflection,268.379170,-5.618610,10.185000,0.500000,,J/A+A/399/141/table1
734,reflection,269.441670,-18.536390,2.914600,0.500000,,J/A+A/399/141/table1
735,reflection,269.629170,-26.163890,-1.045400,0.500000,,J/A+A/399/141/table1
736,reflection,269.700000,-26.023060,-1.030200,0.500000,,J/A+A/399/141/table1
737,reflection,269.800000,-25.882500,-1.038100,0.500000,,J/A+A/399/141/table1
738,reflection,269.900000,-25.546670,-0.949100,0.500000,,J/A+A/399/141/table1
739,reflection,270.200000,-18.736110,2.191800,0.500000,,J/A+A/399/141/table1
74,reflection,68.129170,24.332220,-15.909700,0.500000,,J/A+A/399/141/table1
740,reflection,270.633330,-22.905280,-0.221200,0.500000,,J/A+A/399/141/table1
741,reflection,270.945830,-20.426670,0.746700,0.500000,,J/A+A/399/141/table1
742,reflection,271.550000,-20.882220,0.030700,0.500000,,J/A+A/399/141/table1
743,reflection,271.591670,-20.851940,0.011500,0.500000,,J/A+A/399/141/table1
744,reflection,271.637500,-23.946940,-1.535000,0.500000,,J/A+A/399/141/table1
745,reflection,271.945830,-20.480830,-0.097200,0.500000,,J/A+A/399/141/table1
746,reflection,52.265800,29.838500,-21.692200,0.333333,10.000000,VII/9
747,reflection,272.083330,-23.432500,-1.641800,0.500000,,J/A+A/399/141/table1
748,reflection,272.162500,-21.450000,-0.744600,0.500000,,J/A+A/399/141/table1
748,reflection,57.807300,35.483300,-14.372600,1.333333,40.000000,VII/9
749,reflection,272.158330,-18.376670,0.749200,0.500000,,J/A+A/399/141/table1
75,reflection,68.391670,24.354170,-15.713400,0.500000,,J/A+A/399/141/table1
75,reflection,277.943500,-10.796500,-0.601500,0.666667,20.000000,VII/9
750,reflection,272.287500,-23.434720,-1.806800,0.500000,,J/A+A/399/141/table1
751,reflection,272.658330,-17.880560,0.573300,0.500000,,J/A+A/399/141/table1
752,reflection,272.662500,-17.734440,0.640300,0.500000,,J/A+A/399/141/table1
753,reflection,272.800000,-21.640560,-1.355800,0.500000,,J/A+A/399/141/table1
754,reflection,272.895830,-21.296940,-1.268700,0.500000,,J/A+A/399/141/table1
755,reflection,272.920830,-15.499440,1.499500,0.500000,,J/A+A/399/141/table1
756,reflection,273.658330,-17.372220,-0.018800,0.500000,,J/A+A/399/141/table1
757,reflection,274.220830,-19.777780,-1.633100,0.500000,,J/A+A/399/141/table1
758,reflection,274.275000,-19.864170,-1.719000,0.500000,,J/A+A/399/141/table1
759,reflection,274.316670,-16.929720,-0.361300,0.500000,,J/A+A/399/141/table1
76,reflection,68.920830,24.185560,-15.453500,0.500000,,J/A+A/399/141/table1
760,reflection,275.066670,-17.005830,-1.029300,0.500000,,J/A+A/399/141/table1
761,reflection,275.191670,-15.631940,-0.487600,0.500000,,J/A+A/399/141/table1
762,reflection,275.387500,-2.042220,5.705300,0.500000,,J/A+A/399/141/table1
763,reflection,276.037500,-1.039170,5.591200,0.500000,,J/A+A/399/141/table1
764,reflection,276.141670,-13.655000,-0.371200,0.500000,,J/A+A/399/141/table1
765,reflection,277.087500,-11.795830,-0.320800,0.500000,,J/A+A/399/141/table1
766,reflection,277.200000,0.144440,5.101300,0.500000,,J/A+A/399/141/table1
766,reflection,67.823100,35.440200,-8.735300,0.100000,3.000000,VII/9
767,reflection,277.487500,1.245830,5.348700,0.500000,,J/A+A/399/141/table1
768,reflection,277.533330,1.016670,5.203300,0.500000,,J/A+A/399/141/table1
769,reflection,277.641670,-15.253060,-2.400000,0.500000,,J/A+A/399/141/table1
77,reflection,68.970830,22.906670,-16.237700,0.500000,,J/A+A/399/141/table1
770,reflection,277.600000,1.224170,5.238700,0.500000,,J/A+A/399/141/table1
770,reflection,56.493900,24.155100,-23.649700,1.500000,90.000000,VII/9
771,reflection,277.637500,-1.881670,3.783500,0.500000,,J/A+A/399/141/table1
771,reflection,56.493900,24.155100,-23.649700,1.500000,60.000000,VII/9
772,reflection,277.741670,1.390830,5.188600,0.500000,,J/A+A/399/141/table1
773,reflection,277.854170,-10.795560,-0.523300,0.500000,,J/A+A/399/141/table1
774,reflection,58.753200,25.479300,-21.285900,1.500000,180.000000,VII/9
775,reflection,278.783330,0.044720,3.647500,0.500000,,J/A+A/399/141/table1
776,reflection,279.104170,-1.579720,2.619200,0.500000,,J/A+A/399/141/table1
777,reflection,280.391670,8.138890,5.882600,0.500000,,J/A+A/399/141/table1
778,reflection,282.262500,5.454720,3.013800,0.500000,,J/A+A/399/141/table1
779,reflection,284.166670,-37.344170,-17.022200,0.500000,,J/A+A/399/141/table1
78,reflection,69.616670,26.180280,-13.688900,0.500000,,J/A+A/399/141/table1
780,reflection,284.870830,1.196940,-1.243700,0.500000,,J/A+A/399/141/table1
781,reflection,285.283330,-36.955000,-17.710600,0.500000,,J/A+A/399/141/table1
782,reflection,285.395830,-37.015280,-17.816100,0.500000,,J/A+A/399/141/table1
783,reflection,285.408330,-36.891940,-17.781300,0.500000,,J/A+A/399/141/table1
784,reflection,285.470830,-36.953610,-17.850000,0.500000,,J/A+A/399/141/table1
785,reflection,290.079170,11.365000,-1.134500,0.500000,,J/A+A/399/141/table1
786,reflection,291.191670,22.774720,3.302100,0.500000,,J/A+A/399/141/table1
787,reflection,291.504170,15.556110,-0.377200,0.500000,,J/A+A/399/141/table1
788,reflection,291.550000,22.757500,3.002700,0.500000,,J/A+A/399/141/table1
789,reflection,291.666670,23.898060,3.447900,0.500000,,J/A+A/399/141/table1
79,reflection,69.995830,25.744720,-13.706300,0.500000,,J/A+A/399/141/table1
790,reflection,291.704170,21.161670,2.120200,0.500000,,J/A+A/399/141/table1
791,reflection,291.833330,20.668610,1.779700,0.500000,,J/A+A/399/141/table1
792,reflection,292.145830,17.945560,0.221500,0.500000,,J/A+A/399/141/table1
792,reflection,72.041600,29.787600,-9.740200,0.333333,10.000000,VII/9
793,reflection,292.183330,17.895560,0.166200,0.500000,,J/A+A/399/141/table1
794,reflection,292.166670,23.472220,2.842700,0.500000,,J/A+A/399/141/table1
795,reflection,292.254170,9.645560,-3.831500,0.500000,,J/A+A/399/141/table1
796,reflection,292.316670,17.936390,0.074400,0.500000,,J/A+A/399/141/table1
797,reflection,292.579170,18.272220,0.016400,0.500000,,J/A+A/399/141/table1
798,reflection,295.100000,-34.850280,-24.545400,0.500000,,J/A+A/399/141/table1
798,reflection,74.798600,30.558200,-7.393600,0.266667,8.000000,VII/9
799,reflection,295.616670,23.087220,-0.113500,0.500000,,J/A+A/399/141/table1
8,reflection,8.654170,69.433890,6.610700,0.500000,,J/A+A/399/141/table1
80,reflection,69.995830,23.014440,-15.440200,0.500000,,J/A+A/399/141/table1
800,reflection,297.654170,-81.274170,-29.024500,0.500000,,J/A+A/399/141/table1
801,reflection,296.370830,-12.611110,-17.606300,0.500000,,J/A+A/399/141/table1
802,reflection,296.395830,-12.027780,-17.383100,0.500000,,J/A+A/399/141/table1
803,reflection,296.350000,27.843060,1.683800,0.500000,,J/A+A/399/141/table1
804,reflection,297.191670,11.670280,-7.095300,0.500000,,J/A+A/399/141/table1
805,reflection,298.970830,6.607780,-11.120000,0.500000,,J/A+A/399/141/table1
806,reflection,300.216670,13.379170,-8.788700,0.500000,,J/A+A/399/141/table1
807,reflection,301.150000,32.217500,0.389400,0.500000,,J/A+A/399/141/table1
808,reflection,301.191670,29.230560,-1.238300,0.500000,,J/A+A/399/141/table1
809,reflection,301.233330,35.617500,2.148900,0.500000,,J/A+A/399/141/table1
81,reflection,70.529170,25.383890,-13.564600,0.500000,,J/A+A/399/141/table1
810,reflection,302.829170,-0.822780,-18.087400,0.500000,,J/A+A/399/141/table1
811,reflection,303.120830,35.916390,1.024200,0.500000,,J/A+A/399/141/table1
812,reflection,304.208330,34.824440,-0.319400,0.500000,,J/A+A/399/141/table1
813,reflection,304.462500,39.351670,2.048900,0.500000,,J/A+A/399/141/table1
814,reflection,304.570830,25.647500,-5.706400,0.500000,,J/A+A/399/141/table1
814,reflection,66.748300,22.944900,-17.773500,0.333333,10.000000,VII/9
815,reflection,304.504170,41.901110,3.451000,0.500000,,J/A+A/399/141/table1
816,reflection,304.708330,46.321940,5.799100,0.500000,,J/A+A/399/141/table1
817,reflection,305.054170,37.170560,0.435700,0.500000,,J/A+A/399/141/table1
818,reflection,305.179170,40.452780,2.215500,0.500000,,J/A+A/399/141/table1
819,reflection,305.950000,42.206940,2.739400,0.500000,,J/A+A/399/141/table1
82,reflection,71.337500,41.978610,-2.345300,0.500000,,J/A+A/399/141/table1
820,reflection,306.050000,35.860000,-0.969400,0.500000,,J/A+A/399/141/table1
821,reflection,306.066670,42.299720,2.721800,0.500000,,J/A+A/399/141/table1
822,reflection,306.125000,42.233610,2.648500,0.500000,,J/A+A/399/141/table1
823,reflection,306.183330,36.098330,-0.920500,0.500000,,J/A+A/399/141/table1
823,reflection,91.054500,30.496800,4.273700,0.133333,4.000000,VII/9
824,reflection,306.170830,42.481670,2.763300,0.500000,,J/A+A/399/141/table1
825,reflection,306.195830,42.385560,2.693000,0.500000,,J/A+A/399/141/table1
826,reflection,306.237500,39.185280,0.824000,0.500000,,J/A+A/399/141/table1
827,reflection,306.350000,64.551670,15.029000,0.500000,,J/A+A/399/141/table1
828,reflection,306.783330,40.051110,0.982500,0.500000,,J/A+A/399/141/table1
828,reflection,63.435000,10.209300,-28.387100,0.166667,5.000000,VII/9
829,reflection,307.516670,48.951670,5.742400,0.500000,,J/A+A/399/141/table1
83,reflection,72.141670,48.543610,2.336200,0.500000,,J/A+A/399/141/table1
830,reflection,307.750000,36.933890,-1.456500,0.500000,,J/A+A/399/141/table1
831,reflection,308.041670,40.307780,0.354800,0.500000,,J/A+A/399/141/table1
832,reflection,308.433330,43.244170,1.864900,0.500000,,J/A+A/399/141/table1
832,reflection,63.928900,8.790500,-28.881200,0.200000,6.000000,VII/9
833,reflection,309.191670,32.454720,-5.072900,0.500000,,J/A+A/399/141/table1
834,reflection,309.083330,67.941940,15.957100,0.500000,,J/A+A/399/141/table1
835,reflection,309.570830,42.072500,0.492100,0.500000,,J/A+A/399/141/table1
836,reflection,311.479170,67.960560,15.230100,0.500000,,J/A+A/399/141/table1
837,reflection,312.575000,56.797500,8.045500,0.500000,,J/A+A/399/141/table1
838,reflection,313.954170,47.416940,1.416600,0.500000,,J/A+A/399/141/table1
839,reflection,314.083330,52.707220,4.774200,0.500000,,J/A+A/399/141/table1
84,reflection,72.095830,29.772780,-9.713000,0.500000,,J/A+A/399/141/table1
840,reflection,314.320830,48.295830,1.799600,0.500000,,J/A+A/399/141/table1
840,reflection,94.760100,23.278700,3.728200,0.266667,8.000000,VII/9
841,reflection,314.775000,48.093330,1.438100,0.500000,,J/A+A/399/141/table1
842,reflection,315.083330,53.886940,5.087000,0.500000,,J/A+A/399/141/table1
843,reflection,315.287500,50.361940,2.676400,0.500000,,J/A+A/399/141/table1
844,reflection,314.804170,78.384440,20.599500,0.500000,,J/A+A/399/141/table1
845,reflection,315.600000,50.051390,2.321100,0.500000,,J/A+A/399/141/table1
846,reflection,315.404170,68.162780,14.192100,0.500000,,J/A+A/399/141/table1
847,reflection,315.766670,50.219720,2.352800,0.500000,,J/A+A/399/141/table1
848,reflection,315.704170,59.513890,8.514400,0.500000,,J/A+A/399/141/table1
849,reflection,315.254170,77.057780,19.731300,0.500000,,J/A+A/399/141/table1
85,reflection,72.958330,23.963060,-12.722300,0.500000,,J/A+A/399/141/table1
850,reflection,315.979170,50.252500,2.273000,0.500000,,J/A+A/399/141/table1
851,reflection,315.745830,68.108890,14.059600,0.500000,,J/A+A/399/141/table1
852,reflection,316.016670,50.122780,2.168700,0.500000,,J/A+A/399/141/table1
853,reflection,316.816670,44.673330,-1.887200,0.500000,,J/A+A/399/141/table1
854,reflection,318.062500,51.795830,2.350400,0.500000,,J/A+A/399/141/table1
855,reflection,318.308330,46.366940,-1.498400,0.500000,,J/A+A/399/141/table1
855,reflection,91.984800,18.692100,-0.740000,0.100000,3.000000,VII/9
856,reflection,319.108330,68.260280,13.216800,0.500000,,J/A+A/399/141/table1
857,reflection,319.329170,58.612220,6.530700,0.500000,,J/A+A/399/141/table1
858,reflection,319.845830,64.872220,10.688100,0.500000,,J/A+A/399/141/table1
859,reflection,320.491670,46.908330,-2.192600,0.500000,,J/A+A/399/141/table1
86,reflection,73.508330,66.344720,14.042300,0.500000,,J/A+A/399/141/table1
860,reflection,320.704170,46.885830,-2.310800,0.500000,,J/A+A/399/141/table1
861,reflection,321.525000,49.560280,-0.781000,0.500000,,J/A+A/399/141/table1
862,reflection,323.295830,42.404440,-6.819700,0.500000,,J/A+A/399/141/table1
863,reflection,324.170830,57.501110,3.951400,0.500000,,J/A+A/399/141/table1
864,reflection,324.241670,68.185000,11.811500,0.500000,,J/A+A/399/141/table1
865,reflection,325.183330,54.872220,1.611800,0.500000,,J/A+A/399/141/table1
866,reflection,325.162500,66.583610,10.391700,0.500000,,J/A+A/399/141/table1
866,reflection,80.430900,8.381200,-15.632600,0.100000,3.000000,VII/9
867,reflection,325.670830,66.168610,9.946500,0.500000,,J/A+A/399/141/table1
869,reflection,325.904170,48.883330,-3.207300,0.500000,,J/A+A/399/141/table1
87,reflection,73.941670,30.551390,-7.980200,0.500000,,J/A+A/399/141/table1
870,reflection,325.737500,66.073890,9.857700,0.500000,,J/A+A/399/141/table1
871,reflection,325.745830,66.102780,9.877100,0.500000,,J/A+A/399/141/table1
872,reflection,325.958330,66.146390,9.853000,0.500000,,J/A+A/399/141/table1
873,reflection,326.450000,48.658890,-3.611500,0.500000,,J/A+A/399/141/table1
874,reflection,328.145830,47.228060,-5.437900,0.500000,,J/A+A/399/141/table1
875,reflection,328.129170,64.964440,8.370700,0.500000,,J/A+A/399/141/table1
876,reflection,330.600000,54.912780,-0.315500,0.500000,,J/A+A/399/141/table1
877,reflection,331.708330,59.041670,2.653500,0.500000,,J/A+A/399/141/table1
878,reflection,331.820830,56.233890,0.341500,0.500000,,J/A+A/399/141/table1
879,reflection,332.283330,72.884440,13.700600,0.500000,,J/A+A/399/141/table1
88,reflection,74.237500,51.513890,5.256200,0.500000,,J/A+A/399/141/table1
88,reflection,259.611400,6.115000,23.444700,0.400000,12.000000,VII/9
880,reflection,332.420830,73.390830,14.083600,0.500000,,J/A+A/399/141/table1
881,reflection,333.470830,39.714440,-13.754000,0.500000,,J/A+A/399/141/table1
882,reflection,333.354170,70.251110,11.369400,0.500000,,J/A+A/399/141/table1
883,reflection,333.458330,63.162500,5.531600,0.500000,,J/A+A/399/141/table1
884,reflection,333.645830,61.427780,4.051900,0.500000,,J/A+A/399/141/table1
885,reflection,334.158330,60.817780,3.408000,0.500000,,J/A+A/399/141/table1
886,reflection,334.179170,61.405280,3.890200,0.500000,,J/A+A/399/141/table1
886,reflection,82.663100,4.670500,-15.611300,0.100000,3.000000,VII/9
887,reflection,334.220830,60.872500,3.436500,0.500000,,J/A+A/399/141/table1
888,reflection,334.720830,70.968060,11.700400,0.500000,,J/A+A/399/141/table1
889,reflection,335.804170,62.700000,4.556100,0.500000,,J/A+A/399/141/table1
89,reflection,75.591670,44.268610,1.507600,0.500000,,J/A+A/399/141/table1
890,reflection,336.179170,69.687780,10.361600,0.500000,,J/A+A/399/141/table1
891,reflection,336.658330,61.225560,3.094200,0.500000,,J/A+A/399/141/table1
892,reflection,337.220830,63.030830,4.494900,0.500000,,J/A+A/399/141/table1
893,reflection,337.275000,65.244720,6.372900,0.500000,,J/A+A/399/141/table1
894,reflection,337.804170,65.466110,6.448000,0.500000,,J/A+A/399/141/table1
894,reflection,84.660900,4.194200,-14.114400,0.666667,20.000000,VII/9
895,reflection,338.150000,57.730560,-0.289600,0.500000,,J/A+A/399/141/table1
896,reflection,338.670830,40.667780,-15.144200,0.500000,,J/A+A/399/141/table1
897,reflection,338.783330,69.178330,9.448900,0.500000,,J/A+A/399/141/table1
898,reflection,343.312500,62.145560,2.372900,0.500000,,J/A+A/399/141/table1
898,reflection,97.691600,10.447800,0.220700,0.166667,5.000000,VII/9
899,reflection,343.379170,62.135000,2.349800,0.500000,,J/A+A/399/141/table1
9,reflection,8.945830,58.903890,-3.906300,0.500000,,J/A+A/399/141/table1
90,reflection,76.733330,-3.354720,-24.703100,0.500000,,J/A+A/399/141/table1
900,reflection,344.295830,61.935830,1.984400,0.500000,,J/A+A/399/141/table1
901,reflection,345.041670,64.137780,3.839300,0.500000,,J/A+A/399/141/table1
902,reflection,345.479170,42.326110,-16.095600,0.500000,,J/A+A/399/141/table1
903,reflection,345.566670,72.729720,11.573300,0.500000,,J/A+A/399/141/table1
903,reflection,97.689400,10.014400,0.018100,0.833333,25.000000,VII/9
904,reflection,345.958330,60.398890,0.253600,0.500000,,J/A+A/399/141/table1
905,reflection,349.358330,60.845280,0.034500,0.500000,,J/A+A/399/141/table1
906,reflection,350.600000,31.799440,-27.371000,0.500000,,J/A+A/399/141/table1
907,reflection,354.466670,48.496670,-12.599900,0.500000,,J/A+A/399/141/table1
907,reflection,78.383600,-1.442400,-22.339400,0.333333,10.000000,VII/9
908,reflection,356.529170,63.390000,1.439900,0.500000,,J/A+A/399/141/table1
909,reflection,358.266670,62.691390,0.574300,0.500000,,J/A+A/399/141/table1
909,reflection,70.112200,-6.153900,-31.838900,1.166667,35.000000,VII/9
91,reflection,76.879170,-6.171670,-25.889200,0.500000,,J/A+A/399/141/table1
910,reflection,358.270830,62.776110,0.656500,0.500000,,J/A+A/399/141/table1
910,reflection,77.630500,-2.105500,-23.318500,1.500000,45.000000,VII/9
911,reflection,358.516670,60.556670,-1.533300,0.500000,,J/A+A/399/141/table1
912,reflection,359.387500,61.991110,-0.221700,0.500000,,J/A+A/399/141/table1
913,reflection,359.675000,66.437500,4.104300,0.500000,,J/A+A/399/141/table1
913,reflection,83.387300,-0.666400,-17.575400,0.066667,2.000000,VII/9
914,reflection,83.638300,-0.467600,-17.260100,0.066667,2.000000,VII/9
915,reflection,78.880400,-2.111500,-22.225200,1.500000,60.000000,VII/9
916,reflection,76.624600,-3.350800,-24.796700,0.066667,2.000000,VII/9
917,reflection,71.863100,-5.911900,-30.189300,1.500000,70.000000,VII/9
919,reflection,79.882000,-1.782900,-21.188800,1.500000,50.000000,VII/9
92,reflection,78.612500,32.801390,-3.451100,0.500000,,J/A+A/399/141/table1
92,reflection,281.400200,-1.946500,0.410500,0.333333,10.000000,VII/9
921,reflection,84.138700,-0.386700,-16.781200,0.333333,10.000000,VII/9
925,reflection,85.137400,-0.641500,-16.021700,0.066667,2.000000,VII/9
927,reflection,85.137800,-0.574900,-15.989900,0.066667,2.000000,VII/9
928,reflection,84.639900,-0.139100,-16.222600,0.500000,15.000000,VII/9
93,reflection,78.625000,-8.199720,-25.252900,0.500000,,J/A+A/399/141/table1
930,reflection,98.426000,7.294200,-0.592900,1.000000,30.000000,VII/9
931,reflection,98.426000,7.294200,-0.592900,0.500000,15.000000,VII/9
935,reflection,83.635100,-1.134300,-17.578600,0.500000,15.000000,VII/9
937,reflection,79.624000,-3.448400,-22.203800,1.500000,200.000000,VII/9
94,reflection,78.750000,13.013890,-14.567700,0.500000,,J/A+A/399/141/table1
940,reflection,83.632600,-1.634300,-17.816400,1.500000,50.000000,VII/9
942,reflection,80.122400,-3.784100,-21.920900,1.500000,100.000000,VII/9
944,reflection,85.133200,-1.524800,-16.440100,0.266667,8.000000,VII/9
945,reflection,78.866900,-4.944800,-23.568300,1.500000,90.000000,VII/9
946,reflection,85.383000,-1.559400,-16.235500,0.333333,10.000000,VII/9
95,reflection,79.075000,34.313610,-2.258900,0.500000,,J/A+A/399/141/table1
954,reflection,85.379400,-2.309400,-16.587900,0.333333,10.000000,VII/9
957,reflection,80.364300,-5.451900,-22.476000,0.266667,8.000000,VII/9
959,reflection,75.602900,-7.929400,-27.813800,1.500000,180.000000,VII/9
96,reflection,79.516670,13.417220,-13.721900,0.500000,,J/A+A/399/141/table1
96,reflection,277.635900,1.035500,5.120700,0.266667,8.000000,VII/9
961,reflection,80.864300,-5.454300,-22.034100,1.000000,30.000000,VII/9
964,reflection,80.612700,-5.786500,-22.408200,1.500000,110.000000,VII/9
969,reflection,81.111000,-6.122200,-22.118200,0.500000,15.000000,VII/9
97,reflection,80.429170,8.427500,-15.610000,0.500000,,J/A+A/399/141/table1
98,reflection,81.120830,32.818890,-1.712200,0.500000,,J/A+A/399/141/table1
98,reflection,277.884300,1.370000,5.052200,0.733333,22.000000,VII/9
99,reflection,81.408330,6.588330,-15.724300,0.500000,,J/A+A/399/141/table1
993,reflection,92.110400,-6.208800,-12.376300,0.100000,3.000000,VII/9
995,reflection,92.109700,-6.342100,-12.436400,0.100000,3.000000,VII/9
996,reflection,92.610500,-6.177900,-11.917500,0.066667,2.000000,VII/9
G000.0+00.0,supernova_remnant,266.433300,-29.000000,-0.054400,0.105000,3.500000,VII/272
G000.3+00.0,supernova_remnant,266.562500,-28.633300,0.039800,0.450000,15.000000,VII/272
G000.9+00.1,supernova_remnant,266.837500,-28.150000,0.083800,0.240000,8.000000,VII/272
G001.0-00.1,supernova_remnant,267.125000,-28.150000,-0.133200,0.240000,8.000000,VII/272
G001.4-00.1,supernova_remnant,267.412500,-27.766700,-0.153600,0.300000,10.000000,VII/272
G003.7-00.2,supernova_remnant,268.858300,-25.833300,-0.280200,0.420000,14.000000,VII/272
G003.8+00.3,supernova_remnant,268.229200,-25.466700,0.394500,0.540000,18.000000,VII/272
G004.2-03.5,supernova_remnant,272.229200,-27.050000,-3.505800,0.840000,28.000000,VII/272
G004.5+06.8,supernova_remnant,262.675000,-21.483300,6.820300,0.100000,3.000000,VII/272
G004.8+06.2,supernova_remnant,263.354200,-21.566700,6.243000,0.540000,18.000000,VII/272
G005.2-02.6,supernova_remnant,271.875000,-25.750000,-2.599800,0.540000,18.000000,VII/272
G005.4-01.2,supernova_remnant,270.541700,-24.900000,-1.132800,1.050000,35.000000,VII/272
G005.5+00.3,supernova_remnant,269.266700,-24.000000,0.321800,0.450000,15.000000,VII/272
G005.9+03.1,supernova_remnant,266.833300,-22.266700,3.130000,0.600000,20.000000,VII/272
G006.1+00.5,supernova_remnant,269.370800,-23.416700,0.531700,0.540000,18.000000,VII/272
G006.1+01.2,supernova_remnant,268.729200,-23.083300,1.208900,0.900000,30.000000,VII/272
G006.4+04.0,supernova_remnant,266.291700,-21.366700,4.025800,0.930000,31.000000,VII/272
G006.4-00.1,supernova_remnant,270.125000,-23.433300,-0.076400,1.440000,48.000000,VII/272
G006.5-00.4,supernova_remnant,270.545800,-23.566700,-0.477700,0.540000,18.000000,VII/272
G007.0-00.1,supernova_remnant,270.458300,-22.900000,-0.078400,0.450000,15.000000,VII/272
G007.2+00.2,supernova_remnant,270.279200,-22.633300,0.197100,0.360000,12.000000,VII/272
G007.7-03.7,supernova_remnant,274.354200,-24.066700,-3.770700,0.660000,22.000000,VII/272
G008.3-00.0,supernova_remnant,271.141700,-21.816700,-0.095000,0.150000,5.000000,VII/272
G008.7-00.1,supernova_remnant,271.375000,-21.433300,-0.096300,1.350000,45.000000,VII/272
G008.7-05.0,supernova_remnant,276.041700,-23.800000,-5.010700,0.780000,26.000000,VII/272
G008.9+00.4,supernova_remnant,270.991700,-21.050000,0.403000,0.720000,24.000000,VII/272
G009.7-00.0,supernova_remnant,271.841700,-20.583300,-0.061800,0.450000,15.000000,VII/272
G009.8+00.6,supernova_remnant,271.283300,-20.233300,0.565800,0.360000,12.000000,VII/272
G009.9-00.8,supernova_remnant,272.670800,-20.716700,-0.805200,0.360000,12.000000,VII/272
G010.5-00.0,supernova_remnant,272.283300,-19.783300,-0.035800,0.180000,6.000000,VII/272
G011.0-00.0,supernova_remnant,272.516700,-19.416700,-0.050900,0.330000,11.000000,VII/272
G011.1+00.1,supernova_remnant,272.445800,-19.200000,0.112500,0.360000,12.000000,VII/272
G011.1-00.7,supernova_remnant,273.191700,-19.633300,-0.712700,0.330000,11.000000,VII/272
G011.1-01.0,supernova_remnant,273.512500,-19.766700,-1.041800,0.540000,18.000000,VII/272
G011.2-00.3,supernova_remnant,272.862500,-19.416700,-0.336500,0.120000,4.000000,VII/272
G011.4-00.1,supernova_remnant,272.695800,-19.083300,-0.038000,0.240000,8.000000,VII/272
G011.8-00.2,supernova_remnant,273.104200,-18.733300,-0.208200,0.120000,4.000000,VII/272
G012.0-00.1,supernova_remnant,273.045800,-18.616700,-0.103700,0.210000,7.000000,VII/272
G012.2+00.3,supernova_remnant,272.820800,-18.166700,0.300000,0.180000,6.000000,VII/272
G012.5+00.2,supernova_remnant,273.058300,-17.916700,0.222300,0.180000,6.000000,VII/272
G012.7-00.0,supernova_remnant,273.329200,-17.900000,0.004100,0.180000,6.000000,VII/272
G012.8-00.0,supernova_remnant,273.404200,-17.816700,-0.018600,0.100000,3.000000,VII/272
G013.3-01.3,supernova_remnant,274.833300,-18.000000,-1.302100,2.000000,70.000000,VII/272
G013.5+00.2,supernova_remnant,273.558300,-17.200000,0.147400,0.150000,5.000000,VII/272
G014.1-00.1,supernova_remnant,274.166700,-16.683300,-0.117900,0.180000,6.000000,VII/272
G014.3+00.1,supernova_remnant,273.991700,-16.450000,0.140700,0.150000,5.000000,VII/272
G015.1-01.6,supernova_remnant,276.000000,-16.566700,-1.612100,0.900000,30.000000,VII/272
G015.4+00.1,supernova_remnant,274.508300,-15.450000,0.178600,0.450000,15.000000,VII/272
G015.9+00.2,supernova_remnant,274.716700,-15.033300,0.198900,0.210000,7.000000,VII/272
G016.0-00.5,supernova_remnant,275.483300,-15.233300,-0.548000,0.450000,15.000000,VII/272
G016.2-02.7,supernova_remnant,277.416700,-16.133300,-2.614400,0.510000,17.000000,VII/272
G016.4-00.5,supernova_remnant,275.658300,-14.916700,-0.548500,0.390000,13.000000,VII/272
G016.7+00.1,supernova_remnant,275.233300,-14.333300,0.088700,0.120000,4.000000,VII/272
G017.0-00.0,supernova_remnant,275.487500,-14.133300,-0.034600,0.150000,5.000000,VII/272
G017.4-00.1,supernova_remnant,275.783300,-13.766700,-0.115900,0.180000,6.000000,VII/272
G017.4-02.3,supernova_remnant,277.729200,-14.866700,-2.296600,0.720000,24.000000,VII/272
G017.8-02.6,supernova_remnant,278.208300,-14.650000,-2.608000,0.720000,24.000000,VII/272
G018.1-00.1,supernova_remnant,276.141700,-13.183300,-0.150600,0.240000,8.000000,VII/272
G018.6-00.2,supernova_remnant,276.479200,-12.833300,-0.277900,0.180000,6.000000,VII/272
G018.8+00.3,supernova_remnant,275.991700,-12.383300,0.353000,0.510000,17.000000,VII/272
G018.9-01.1,supernova_remnant,277.458300,-12.966700,-1.184900,0.990000,33.000000,VII/272
G019.1+00.2,supernova_remnant,276.233300,-12.116700,0.269100,0.810000,27.000000,VII/272
G020.0-00.2,supernova_remnant,277.029200,-11.583300,-0.171500,0.300000,10.000000,VII/272
G020.4+00.1,supernova_remnant,276.962500,-11.000000,0.157700,0.240000,8.000000,VII/272
G021.0-00.4,supernova_remnant,277.800000,-10.783300,-0.470400,0.270000,9.000000,VII/272
G021.5-00.1,supernova_remnant,277.708300,-10.150000,-0.097400,0.150000,5.000000,VII/272
G021.5-00.9,supernova_remnant,278.387500,-10.583300,-0.890100,0.150000,5.000000,VII/272
G021.6-00.8,supernova_remnant,278.416700,-10.416700,-0.838800,0.390000,13.000000,VII/272
G021.8-00.6,supernova_remnant,278.187500,-10.133300,-0.508000,0.600000,20.000000,VII/272
G022.7-00.2,supernova_remnant,278.312500,-9.216700,-0.194200,0.780000,26.000000,VII/272
G023.3-00.3,supernova_remnant,278.687500,-8.800000,-0.330800,0.810000,27.000000,VII/272
G023.6+00.3,supernova_remnant,278.262500,-8.216700,0.311100,0.300000,10.000000,VII/272
G024.7+00.6,supernova_remnant,278.541700,-7.083300,0.588200,0.900000,30.000000,VII/272
G024.7-00.6,supernova_remnant,279.679200,-7.533300,-0.620600,0.450000,15.000000,VII/272
G025.1-02.3,supernova_remnant,281.291700,-8.000000,-2.255100,2.000000,80.000000,VII/272
G027.4+00.0,supernova_remnant,280.329200,-4.933300,-0.003900,0.120000,4.000000,VII/272
G027.8+00.6,supernova_remnant,279.958300,-4.400000,0.569000,1.500000,50.000000,VII/272
G028.6-00.1,supernova_remnant,280.979200,-3.883300,-0.100100,0.390000,13.000000,VII/272
G028.8+01.5,supernova_remnant,279.750000,-2.916700,1.433200,2.000000,100.000000,VII/272
G029.6+00.1,supernova_remnant,281.216700,-2.950000,0.115400,0.150000,5.000000,VII/272
G029.7-00.3,supernova_remnant,281.604200,-2.983300,-0.244100,0.100000,3.000000,VII/272
G030.7+01.0,supernova_remnant,281.000000,-1.533300,0.955000,0.720000,24.000000,VII/272
G030.7-02.0,supernova_remnant,283.604200,-2.900000,-1.984100,0.480000,16.000000,VII/272
G031.5-00.6,supernova_remnant,282.791700,-1.516700,-0.631200,0.540000,18.000000,VII/272
G031.9+00.0,supernova_remnant,282.354200,-0.916700,0.031600,0.210000,7.000000,VII/272
G032.0-04.9,supernova_remnant,286.500000,-3.000000,-4.605700,1.800000,60.000000,VII/272
G032.1-00.9,supernova_remnant,283.291700,-1.133300,-0.901400,1.200000,40.000000,VII/272
G032.4+00.1,supernova_remnant,282.520800,-0.416700,0.111400,0.180000,6.000000,VII/272
G032.8-00.1,supernova_remnant,282.854200,-0.133300,-0.056100,0.510000,17.000000,VII/272
G033.2-00.6,supernova_remnant,283.458300,-0.033300,-0.548100,0.540000,18.000000,VII/272
G033.6+00.1,supernova_remnant,283.200000,0.683300,0.008500,0.300000,10.000000,VII/272
G034.7-00.4,supernova_remnant,284.000000,1.366700,-0.391600,1.050000,35.000000,VII/272
G035.6-00.4,supernova_remnant,284.479200,2.216700,-0.429700,0.450000,15.000000,VII/272
G036.6+02.6,supernova_remnant,282.204200,4.433300,2.601800,0.510000,17.000000,VII/272
G036.6-00.7,supernova_remnant,285.145800,2.933300,-0.694700,0.750000,25.000000,VII/272
G038.7-01.3,supernova_remnant,286.666700,4.466700,-1.341000,0.960000,32.000000,VII/272
G039.2-00.3,supernova_remnant,286.033300,5.466700,-0.321400,0.240000,8.000000,VII/272
G039.7-02.0,supernova_remnant,288.083300,4.916700,-2.387100,2.000000,120.000000,VII/272
G040.5-00.5,supernova_remnant,286.791700,6.516700,-0.509200,0.660000,22.000000,VII/272
G041.1-00.3,supernova_remnant,286.891700,7.133300,-0.313600,0.135000,4.500000,VII/272
G041.5+00.4,supernova_remnant,286.458300,7.766700,0.359200,0.300000,10.000000,VII/272
G042.0-00.1,supernova_remnant,287.041700,8.000000,-0.046600,0.240000,8.000000,VII/272
G042.8+00.6,supernova_remnant,286.833300,9.083300,0.635000,0.720000,24.000000,VII/272
G043.3-00.2,supernova_remnant,287.783300,9.100000,-0.189600,0.120000,4.000000,VII/272
G043.9+01.6,supernova_remnant,286.458300,10.500000,1.614100,1.800000,60.000000,VII/272
G045.7-00.4,supernova_remnant,289.104200,11.150000,-0.389800,0.660000,22.000000,VII/272
G046.8-00.3,supernova_remnant,289.541700,12.150000,-0.301900,0.510000,17.000000,VII/272
G049.2-00.7,supernova_remnant,290.958300,14.100000,-0.602800,0.900000,30.000000,VII/272
G053.6-02.2,supernova_remnant,294.708300,17.233300,-2.260700,0.990000,33.000000,VII/272
G054.1+00.3,supernova_remnant,292.629200,18.866700,0.260300,0.360000,12.000000,VII/272
G054.4-00.3,supernova_remnant,293.333300,18.933300,-0.291200,1.200000,40.000000,VII/272
G055.0+00.3,supernova_remnant,293.000000,19.833300,0.418800,0.600000,20.000000,VII/272
G055.7+03.4,supernova_remnant,290.333300,21.733300,3.515000,0.690000,23.000000,VII/272
G057.2+00.8,supernova_remnant,293.745800,21.950000,0.833400,0.360000,12.000000,VII/272
G059.5+00.1,supernova_remnant,295.637500,23.583300,0.116200,0.450000,15.000000,VII/272
G059.8+01.2,supernova_remnant,294.729200,24.316700,1.200200,0.600000,20.000000,VII/272
G063.7+01.1,supernova_remnant,296.966700,27.750000,1.165400,0.240000,8.000000,VII/272
G064.5+00.9,supernova_remnant,297.604200,28.266700,0.942000,0.240000,8.000000,VII/272
G065.1+00.6,supernova_remnant,298.666700,28.583300,0.302100,2.000000,90.000000,VII/272
G065.3+05.7,supernova_remnant,293.250000,31.166700,5.660700,2.000000,310.000000,VII/272
G065.7+01.2,supernova_remnant,298.041700,29.433300,1.207900,0.660000,22.000000,VII/272
G065.8-00.5,supernova_remnant,299.833300,28.633300,-0.546400,0.300000,10.000000,VII/272
G066.0-00.0,supernova_remnant,299.458300,29.050000,-0.048400,0.930000,31.000000,VII/272
G067.6+00.9,supernova_remnant,299.437500,30.883300,0.923900,1.500000,50.000000,VII/272
G067.7+01.8,supernova_remnant,298.633300,31.483300,1.823300,0.450000,15.000000,VII/272
G067.8+00.5,supernova_remnant,300.000000,30.850000,0.495200,0.210000,7.000000,VII/272
G068.6-01.2,supernova_remnant,302.166700,30.616700,-1.203800,0.690000,23.000000,VII/272
G069.0+02.7,supernova_remnant,298.333300,32.916700,2.777800,2.000000,80.000000,VII/272
G069.7+01.0,supernova_remnant,300.666700,32.716700,1.000400,0.480000,16.000000,VII/272
G073.9+00.9,supernova_remnant,303.562500,36.200000,0.883000,0.810000,27.000000,VII/272
G074.0-08.5,supernova_remnant,312.750000,30.666700,-8.564500,2.000000,230.000000,VII/272
G074.9+01.2,supernova_remnant,304.008300,37.200000,1.141500,0.240000,8.000000,VII/272
G076.9+01.0,supernova_remnant,305.583300,38.716700,0.971800,0.270000,9.000000,VII/272
G082.2+05.3,supernova_remnant,304.750000,45.500000,5.316400,2.000000,95.000000,VII/272
G083.0-00.3,supernova_remnant,311.729200,42.866700,-0.271700,0.270000,9.000000,VII/272
G084.2-00.8,supernova_remnant,313.333300,43.450000,-0.806800,0.600000,20.000000,VII/272
G085.4+00.7,supernova_remnant,312.666700,45.366700,0.783400,0.720000,24.000000,VII/272
G085.9-00.6,supernova_remnant,314.666700,44.883300,-0.606900,0.720000,24.000000,VII/272
G089.0+04.7,supernova_remnant,311.250000,50.583300,4.794100,2.000000,120.000000,VII/272
G093.3+06.9,supernova_remnant,313.104200,55.350000,6.905600,0.810000,27.000000,VII/272
G093.7-00.2,supernova_remnant,322.333300,50.833300,-0.218300,2.000000,80.000000,VII/272
G094.0+01.0,supernova_remnant,321.208300,51.883300,1.025600,0.900000,30.000000,VII/272
G096.0+02.0,supernova_remnant,322.625000,53.983300,1.952600,0.780000,26.000000,VII/272
G106.3+02.7,supernova_remnant,336.875000,60.833300,2.705200,1.800000,60.000000,VII/272
G108.2-00.6,supernova_remnant,343.416700,58.833300,-0.626700,2.000000,70.000000,VII/272
G109.1-01.0,supernova_remnant,345.395800,58.883300,-1.015500,0.840000,28.000000,VII/272
G111.7-02.1,supernova_remnant,350.858300,58.800000,-2.145100,0.150000,5.000000,VII/272
G113.0+00.2,supernova_remnant,354.145800,61.366700,-0.213000,1.200000,40.000000,VII/272
G114.3+00.3,supernova_remnant,354.250000,61.916700,0.300100,2.000000,90.000000,VII/272
G116.5+01.1,supernova_remnant,358.416700,63.250000,1.103700,2.000000,80.000000,VII/272
G116.9+00.2,supernova_remnant,359.791700,62.433300,0.172700,1.020000,34.000000,VII/272
G119.5+10.2,supernova_remnant,1.666700,72.750000,10.170300,2.000000,90.000000,VII/272
G120.1+01.4,supernova_remnant,6.325000,64.150000,1.422700,0.240000,8.000000,VII/272
G126.2+01.6,supernova_remnant,20.500000,64.250000,1.575000,2.000000,70.000000,VII/272
G127.1+00.5,supernova_remnant,22.083300,63.166700,0.592600,1.350000,45.000000,VII/272
G130.7+03.1,supernova_remnant,31.420800,64.816700,3.074700,0.270000,9.000000,VII/272
G132.7+01.3,supernova_remnant,34.416700,62.750000,1.511600,2.000000,80.000000,VII/272
G152.4-02.1,supernova_remnant,61.958300,49.183300,-2.051800,2.000000,100.000000,VII/272
G156.2+05.7,supernova_remnant,74.666700,51.833300,5.662800,2.000000,110.000000,VII/272
G159.6+07.3,supernova_remnant,80.000000,50.000000,7.300300,2.000000,240.000000,VII/272
G160.9+02.6,supernova_remnant,75.250000,46.666700,2.787100,2.000000,140.000000,VII/272
G166.0+04.3,supernova_remnant,81.625000,42.933300,4.277700,1.650000,55.000000,VII/272
G178.2-04.2,supernova_remnant,83.770800,28.183300,-2.360600,2.000000,72.000000,VII/272
G179.0+02.6,supernova_remnant,88.416700,31.083300,2.597200,2.000000,70.000000,VII/272
G180.0-01.7,supernova_remnant,84.750000,27.833300,-1.818600,2.000000,180.000000,VII/272
G182.4+04.3,supernova_remnant,92.041700,29.000000,4.299500,1.500000,50.000000,VII/272
G184.6-05.8,supernova_remnant,83.629200,22.016700,-5.786200,0.210000,7.000000,VII/272
G189.1+03.0,supernova_remnant,94.250000,22.566700,2.978300,1.350000,45.000000,VII/272
G190.9-02.2,supernova_remnant,90.479200,18.400000,-2.127700,2.000000,70.000000,VII/272
G192.8-01.1,supernova_remnant,92.333300,17.333300,-1.108900,2.000000,78.000000,VII/272
G205.5+00.5,supernova_remnant,99.750000,6.500000,0.209300,2.000000,220.000000,VII/272
G206.9+02.3,supernova_remnant,102.166700,6.433300,2.315300,1.800000,60.000000,VII/272
G213.0-00.6,supernova_remnant,102.708300,-0.500000,-0.362500,2.000000,160.000000,VII/272
G260.4-03.4,supernova_remnant,125.541700,-43.000000,-3.438800,1.800000,60.000000,VII/272
G261.9+05.5,supernova_remnant,136.083300,-38.700000,5.478000,1.200000,40.000000,VII/272
G263.9-03.3,supernova_remnant,128.500000,-45.833300,-3.368300,2.000000,255.000000,VII/272
G266.2-01.2,supernova_remnant,133.000000,-46.333300,-1.219800,2.000000,120.000000,VII/272
G272.2-03.2,supernova_remnant,136.708300,-52.116700,-3.180800,0.450000,15.000000,VII/272
G279.0+01.1,supernova_remnant,149.416700,-53.250000,1.218800,2.000000,95.000000,VII/272
G284.3-01.8,supernova_remnant,154.562500,-59.000000,-1.783100,0.720000,24.000000,VII/272
G286.5-01.2,supernova_remnant,158.916700,-59.700000,-1.214000,0.780000,26.000000,VII/272
G289.7-00.3,supernova_remnant,165.312500,-60.300000,-0.293300,0.540000,18.000000,VII/272
G290.1-00.8,supernova_remnant,165.770800,-60.933300,-0.779500,0.570000,19.000000,VII/272
G291.0-00.1,supernova_remnant,167.975000,-60.633300,-0.083800,0.450000,15.000000,VII/272
G292.0+01.8,supernova_remnant,171.150000,-59.266700,1.754600,0.360000,12.000000,VII/272
G292.2-00.5,supernova_remnant,169.833300,-61.466700,-0.535800,0.600000,20.000000,VII/272
G293.8+00.6,supernova_remnant,173.750000,-60.900000,0.604800,0.600000,20.000000,VII/272
G294.1-00.0,supernova_remnant,174.041700,-61.633300,-0.056600,1.200000,40.000000,VII/272
G296.1-00.5,supernova_remnant,177.791700,-62.566700,-0.502700,1.110000,37.000000,VII/272
G296.5+10.0,supernova_remnant,182.416700,-52.416700,9.931600,2.000000,90.000000,VII/272
G296.7-00.9,supernova_remnant,178.875000,-63.133300,-0.944600,0.450000,15.000000,VII/272
G296.8-00.3,supernova_remnant,179.625000,-62.583300,-0.335200,0.600000,20.000000,VII/272
G298.5-00.3,supernova_remnant,183.166700,-62.866700,-0.326900,0.150000,5.000000,VII/272
G298.6-00.0,supernova_remnant,183.420800,-62.616700,-0.062500,0.360000,12.000000,VII/272
G299.2-02.9,supernova_remnant,183.804200,-65.500000,-2.892100,0.540000,18.000000,VII/272
G299.6-00.5,supernova_remnant,185.437500,-63.150000,-0.471200,0.390000,13.000000,VII/272
G301.4-01.0,supernova_remnant,189.479200,-63.816700,-0.984100,1.110000,37.000000,VII/272
G302.3+00.7,supernova_remnant,191.479200,-62.133300,0.731500,0.510000,17.000000,VII/272
G304.6+00.1,supernova_remnant,196.495800,-62.700000,0.124700,0.240000,8.000000,VII/272
G306.3-00.9,supernova_remnant,200.458300,-63.566700,-0.894300,0.120000,4.000000,VII/272
G308.1-00.7,supernova_remnant,204.404200,-63.066700,-0.662300,0.390000,13.000000,VII/272
G308.4-01.4,supernova_remnant,205.375000,-63.733300,-1.397900,0.360000,12.000000,VII/272
G308.8-00.1,supernova_remnant,205.625000,-62.383300,-0.095800,0.900000,30.000000,VII/272
G309.2-00.6,supernova_remnant,206.629200,-62.900000,-0.695900,0.450000,15.000000,VII/272
G309.8+00.0,supernova_remnant,207.625000,-62.083300,0.000000,0.750000,25.000000,VII/272
G310.6-00.3,supernova_remnant,209.500000,-62.150000,-0.275900,0.240000,8.000000,VII/272
G310.6-01.6,supernova_remnant,210.187500,-63.433300,-1.596800,0.100000,2.500000,VII/272
G310.8-00.4,supernova_remnant,210.000000,-62.283300,-0.464900,0.360000,12.000000,VII/272
G311.5-00.3,supernova_remnant,211.408300,-61.966700,-0.339900,0.150000,5.000000,VII/272
G312.4-00.4,supernova_remnant,213.250000,-61.733300,-0.374800,1.140000,38.000000,VII/272
G312.5-03.0,supernova_remnant,215.250000,-64.200000,-3.002700,0.600000,20.000000,VII/272
G315.1+02.7,supernova_remnant,216.125000,-57.833300,2.825600,2.000000,190.000000,VII/272
G315.4-00.3,supernova_remnant,218.979200,-60.600000,-0.285300,0.720000,24.000000,VII/272
G315.4-02.3,supernova_remnant,220.750000,-62.500000,-2.363900,1.260000,42.000000,VII/272
G315.9-00.0,supernova_remnant,219.604200,-60.183300,-0.025000,0.750000,25.000000,VII/272
G316.3-00.0,supernova_remnant,220.375000,-60.000000,-0.013400,0.870000,29.000000,VII/272
G317.3-00.2,supernova_remnant,222.416700,-59.766700,-0.237800,0.330000,11.000000,VII/272
G318.2+00.1,supernova_remnant,223.708300,-59.066700,0.093800,1.200000,40.000000,VII/272
G318.9+00.4,supernova_remnant,224.625000,-58.483300,0.391300,0.900000,30.000000,VII/272
G320.4-01.2,supernova_remnant,228.625000,-59.133300,-1.197900,1.050000,35.000000,VII/272
G320.6-01.6,supernova_remnant,229.458300,-59.266700,-1.535600,1.800000,60.000000,VII/272
G321.9-00.3,supernova_remnant,230.166700,-57.566700,-0.298100,0.930000,31.000000,VII/272
G321.9-01.1,supernova_remnant,230.937500,-58.216700,-1.066300,0.840000,28.000000,VII/272
G322.1+00.0,supernova_remnant,230.204200,-57.166700,0.027800,0.240000,8.000000,VII/272
G322.5-00.1,supernova_remnant,230.845800,-57.100000,-0.105600,0.450000,15.000000,VII/272
G323.5+00.1,supernova_remnant,232.175000,-56.350000,0.112500,0.390000,13.000000,VII/272
G326.3-01.8,supernova_remnant,238.250000,-56.166700,-1.763500,1.140000,38.000000,VII/272
G327.1-01.1,supernova_remnant,238.604200,-55.150000,-1.105700,0.540000,18.000000,VII/272
G327.2-00.1,supernova_remnant,237.729200,-54.300000,-0.127800,0.150000,5.000000,VII/272
G327.4+00.4,supernova_remnant,237.083300,-53.816700,0.486400,0.630000,21.000000,VII/272
G327.4+01.0,supernova_remnant,236.700000,-53.333300,1.007000,0.420000,14.000000,VII/272
G327.6+14.6,supernova_remnant,225.708300,-41.933300,14.566300,0.900000,30.000000,VII/272
G328.4+00.2,supernova_remnant,238.875000,-53.283300,0.229100,0.150000,5.000000,VII/272
G329.7+00.4,supernova_remnant,240.333300,-52.300000,0.406200,1.200000,40.000000,VII/272
G330.0+15.0,supernova_remnant,227.500000,-40.000000,15.534300,2.000000,180.000000,VII/272
G330.2+01.0,supernova_remnant,240.275000,-51.566700,0.983500,0.330000,11.000000,VII/272
G332.0+00.2,supernova_remnant,243.320800,-50.883300,0.210100,0.360000,12.000000,VII/272
G332.4+00.1,supernova_remnant,243.833300,-50.700000,0.119800,0.450000,15.000000,VII/272
G332.4-00.4,supernova_remnant,244.387500,-51.033300,-0.362900,0.300000,10.000000,VII/272
G332.5-05.6,supernova_remnant,250.833300,-54.500000,-5.575100,1.050000,35.000000,VII/272
G335.2+00.1,supernova_remnant,246.937500,-48.783300,0.059700,0.630000,21.000000,VII/272
G336.7+00.5,supernova_remnant,248.045800,-47.316700,0.530900,0.420000,14.000000,VII/272
G337.2+00.1,supernova_remnant,248.979200,-47.333300,0.054800,0.100000,3.000000,VII/272
G337.2-00.7,supernova_remnant,249.866700,-47.850000,-0.735700,0.180000,6.000000,VII/272
G337.3+01.0,supernova_remnant,248.162500,-46.600000,0.961600,0.450000,15.000000,VII/272
G337.8-00.1,supernova_remnant,249.754200,-46.983300,-0.101800,0.270000,9.000000,VII/272
G338.1+00.4,supernova_remnant,249.495800,-46.400000,0.419600,0.450000,15.000000,VII/272
G338.3-00.0,supernova_remnant,250.250000,-46.566700,-0.079000,0.240000,8.000000,VII/272
G338.5+00.1,supernova_remnant,250.287500,-46.316700,0.067100,0.270000,9.000000,VII/272
G340.4+00.4,supernova_remnant,251.629200,-44.650000,0.448100,0.300000,10.000000,VII/272
G340.6+00.3,supernova_remnant,251.920800,-44.566700,0.343800,0.180000,6.000000,VII/272
G341.2+00.9,supernova_remnant,251.895800,-43.783300,0.863600,0.660000,22.000000,VII/272
G341.9-00.3,supernova_remnant,253.754200,-44.016700,-0.316900,0.210000,7.000000,VII/272
G342.0-00.2,supernova_remnant,253.708300,-43.883300,-0.207300,0.360000,12.000000,VII/272
G342.1+00.9,supernova_remnant,252.679200,-43.066700,0.887900,0.300000,10.000000,VII/272
G343.0-06.0,supernova_remnant,261.250000,-46.500000,-6.035300,2.000000,250.000000,VII/272
G343.1-00.7,supernova_remnant,255.104200,-43.233300,-0.594100,0.810000,27.000000,VII/272
G343.1-02.3,supernova_remnant,257.000000,-44.266700,-2.309600,0.960000,32.000000,VII/272
G344.7-00.1,supernova_remnant,255.962500,-41.700000,-0.156000,0.240000,8.000000,VII/272
G345.7-00.2,supernova_remnant,256.833300,-40.883300,-0.183800,0.180000,6.000000,VII/272
G346.6-00.2,supernova_remnant,257.579200,-40.183300,-0.220700,0.240000,8.000000,VII/272
G347.3-00.5,supernova_remnant,258.458300,-39.750000,-0.509400,1.950000,65.000000,VII/272
G348.5+00.1,supernova_remnant,258.525000,-38.533300,0.161000,0.450000,15.000000,VII/272
G348.5-00.0,supernova_remnant,258.858300,-38.466700,-0.011900,0.300000,10.000000,VII/272
G348.7+00.3,supernova_remnant,258.479200,-38.183300,0.395000,0.510000,17.000000,VII/272
G349.2-00.1,supernova_remnant,259.312500,-38.066700,-0.070300,0.270000,9.000000,VII/272
G349.7+00.2,supernova_remnant,259.495800,-37.433300,0.177100,0.100000,2.500000,VII/272
G350.0-02.0,supernova_remnant,261.958300,-38.533300,-2.045500,1.350000,45.000000,VII/272
G350.1-00.3,supernova_remnant,259.416700,-37.400000,0.247600,0.120000,4.000000,VII/272
G351.2+00.1,supernova_remnant,260.612500,-36.183300,0.158300,0.210000,7.000000,VII/272
G351.7+00.8,supernova_remnant,260.250000,-35.450000,0.817000,0.540000,18.000000,VII/272
G351.9-00.9,supernova_remnant,262.216700,-36.266700,-0.960400,0.360000,12.000000,VII/272
G352.7-00.1,supernova_remnant,261.916700,-35.116700,-0.119800,0.240000,8.000000,VII/272
G353.6-00.7,supernova_remnant,263.000000,-34.733300,-0.649300,0.900000,30.000000,VII/272
G353.9-02.0,supernova_remnant,264.729200,-35.183300,-2.085100,0.390000,13.000000,VII/272
G354.1+00.1,supernova_remnant,262.616700,-33.766700,0.145900,0.450000,15.000000,VII/272
G354.8-00.8,supernova_remnant,264.000000,-33.700000,-0.782500,0.570000,19.000000,VII/272
G355.4+00.7,supernova_remnant,262.833300,-32.433300,0.726700,0.750000,25.000000,VII/272
G355.6-00.0,supernova_remnant,263.816700,-32.633300,-0.077600,0.240000,8.000000,VII/272
G355.9-02.5,supernova_remnant,266.470800,-33.716700,-2.535500,0.390000,13.000000,VII/272
G356.2+04.5,supernova_remnant,259.750000,-29.666700,4.464000,0.750000,25.000000,VII/272
G356.3-00.3,supernova_remnant,264.483300,-32.266700,-0.354500,0.330000,11.000000,VII/272
G356.3-01.5,supernova_remnant,265.645800,-32.866700,-1.503300,0.600000,20.000000,VII/272
G357.7+00.3,supernova_remnant,264.645800,-30.733300,0.348400,0.720000,24.000000,VII/272
G357.7-00.1,supernova_remnant,265.120800,-30.966700,-0.121100,0.240000,8.000000,VII/272
G358.0+03.8,supernova_remnant,261.500000,-28.600000,3.802800,1.140000,38.000000,VII/272
G358.1+00.1,supernova_remnant,264.250000,-29.983300,1.038500,0.600000,20.000000,VII/272
G358.5-00.9,supernova_remnant,266.541700,-30.666700,-1.002000,0.510000,17.000000,VII/272
G359.0-00.9,supernova_remnant,266.708300,-30.266700,-0.917000,0.690000,23.000000,VII/272
G359.1+00.9,supernova_remnant,264.900000,-29.183300,0.988300,0.360000,12.000000,VII/272
G359.1-00.5,supernova_remnant,266.375000,-29.950000,-0.506000,0.720000,24.000000,VII/272
